UserId,is_fake_probability
00079D439D,0
0007A4D4AE,0
000AFE2623,0
001A5362BC,0
0025995AF5,0
002AC5849C,0
0053B64389,0
005D4C911D,0
00677C8CD5,0
007E6F5744,0
0086F5883C,0
00959C30ED,0
00999EF02A,0
00AE418236,0
00C831A888,0
00CABCB25E,0
00CE1216E2,0
00F02040A8,0
00FEFAB150,0
01095D30A3,0
011B7120CC,0
011BFC0E4C,0
0122428A28,0
01281B7B8D,0
013305E3E3,0
013C0F787F,0
014AFCC716,0
014C68683D,0
014DA69DE8,0
0150E4A297,0
01532AB9BD,0
0162443C27,0
016ABF6FC8,0
016B96383C,0
017769EC70,0
0178325C29,0
019C0ED414,0
01AA98C28F,0
01B2CE0E4C,0
01B768B650,0
01C2ADAF4F,0
01C4CFC6EF,0
01DC4D1ACC,0
0220A8E656,0
02330B1CC5,1
025A68966D,0
025A88F756,0
02631565A8,0
02711565AC,0
0278732F9A,1
027A55F23E,0
02841F9ECB,0
028FA4A557,1
029310FBFE,0
02AAF3CC3C,0
02B02B0CCA,0
02C1B69865,0
02C7E25061,0
02CA54760F,0
02DF3FDDA1,0
02E81C8627,0
02ECC21E6A,0
0308D8D6CD,0
0309F69314,0
0314C98A82,0
03213284E5,0
032F9F6950,0
034F180CF7,0
034F809D39,0
03621B1544,1
0374FE05FD,0
038FDA4873,0
03B76E6CEC,0
03CD4EB11D,0
03D1BBBE8D,0
03D4006111,0
03D6F69480,0
03E3328BED,0
03EFC77FE5,0
03F414E035,0
03FDD38FC0,0
0400FC2EB2,0
0423A1E2FB,0
042F1DC1AD,0
045E4C2027,0
0460C543CA,0
0472261EA5,0
0473002865,0
0475F39EDF,0
0481EB4CBB,1
0488A9A2E2,0
0496CD7134,0
049CE51142,0
04A6640ADB,0
04C118D843,0
04C40DF878,1
04C9AFB3C1,0
04D7392726,0
04DADFEF8E,0
04DE7E4C01,0
04EE5FB2CA,0
0501316C78,0
05036967C7,0
050AC1FA99,0
050C290AE9,0
0514B84288,0
0517845D7B,0
051B112B05,0
05289CE815,0
054B61F461,0
054C88A884,0
0556D81C26,0
055A2BA5C3,0
055CFF5682,0
0573AA995E,0
057B6816FF,0
058B581AAB,0
058BF8B126,0
059111211D,0
05962DCB83,0
05A32F2BE7,0
05A6B8A37A,0
05B05B14F4,0
05CDE44080,0
05D43A4D53,0
05D542A0BF,0
05DA4367A8,0
05DECDA0C9,0
05E11502A8,0
05E9EE4E8F,0
05F3F569EF,1
05F41BEA2E,0
062976C88F,0
06322A1A3C,0
06443F53DA,0
0644800F76,0
0655F7FA86,0
065A0B7A86,0
0660CBADAE,0
06639282A7,0
066A355B12,1
067500182B,0
067B8227AB,0
068EBF0405,0
069386E3C4,0
06946E07C1,0
06A6D78855,0
06AD2DE463,0
06C41A6F06,0
06C515786E,0
06C6005829,0
06CA32CB0D,0
06DCBF123D,0
06E0024BE7,0
06E5FF4322,0
0700DC8A47,0
070BD01E74,0
070BE223FA,0
070D03FB81,0
0711646A9A,0
074D0C8A53,0
075D058F66,0
077C510B46,0
07856B9046,0
07871773FE,0
0791152C53,0
0791342EF7,0
07A7B8F470,0
07A8B70C0E,0
07B8206AF6,0
07BA0F9658,0
07C06B338F,0
07CD1B2713,0
07E8709066,0
07EA181004,0
08090FD89B,0
082C19BA4F,0
0837044B3E,0
084981E93C,0
084D19FCD5,0
085CAB7D58,0
0864603191,0
088B7405AD,0
0890887609,1
08AE85BFF1,0
08B2EC63CB,0
08D60A68C6,0
08D852C8C7,0
08E0ADF530,0
08E30936FF,0
08E5D8029F,0
08F21E50BF,0
09005C3CA6,0
0914348A18,0
09196BE159,0
091B6E964B,0
092AF52C54,0
0947B27290,0
095E7B7830,0
09679865DF,0
096C6C4EAE,0
0979C0B33C,0
097C3E5A13,0
098243AE01,0
099123C97C,0
0997939E10,0
09AC3B1043,0
09B8D42FA3,0
09C6D5BA52,0
09EEFD391D,0
09FC5EF459,0
0A020680F5,0
0A163A0E3D,0
0A33462B24,0
0A4407A302,0
0A4D14BAE5,0
0A6829C685,0
0A6F4476A9,0
0A7EBEE0DD,0
0A84AC476F,0
0A9FAD7C8E,0
0AB7634358,0
0AC1E9DA19,0
0AC7B7F842,0
0ACADEE2BF,0
0ADF0C1D1F,0
0AE4696C1C,0
0AE60AD6A6,0
0AF359B545,0
0AF8707A57,0
0B0760D79C,0
0B2BE41E98,0
0B35470208,0
0B44FFEE5A,0
0B4D6FE8BB,0
0B592E7766,0
0B766B6CF2,0
0B770D9ECB,0
0B7F2E7773,0
0B84346C79,0
0B902F3D6F,0
0B903234D2,0
0B96F7D42C,0
0BA0A36E32,0
0BA2FA5E75,0
0BA6BB1620,0
0BCB8CCD94,0
0BCDCF5E1C,0
0BE08E0C33,1
0BF0C9D867,0
0BF2D38EB4,0
0BF7074D0D,0
0BFDCC5B83,0
0C184F734F,0
0C3A9D9184,0
0C3AF60412,1
0C3C75EA0C,0
0C3DE31546,0
0C3F2A2F10,0
0C64F2C3F2,0
0C672DEBA9,0
0C6762016A,0
0C6AB919D9,0
0C7B01C1AF,0
0C7BFAEA90,0
0C809000F4,0
0C8975FBA3,0
0C8CFD6AB2,0
0C8DECE444,0
0CA35CAD72,0
0CA423DA73,0
0CAD51CEB2,0
0CCD1257BC,0
0CD3987B46,0
0CD3DFEA0F,0
0CD57D87CD,0
0CDE3145A1,0
0CDF1B5E78,0
0CE1BA51B9,0
0CFD75E1C8,0
0D04F2C404,0
0D16DA79A8,0
0D16F232FE,0
0D2C612653,0
0D5A21CB82,0
0D741233B5,0
0D7B8A4C46,0
0D94CB5847,0
0D9DA4C772,0
0DB0976759,0
0DB52934F6,0
0DC633730F,0
0DE575A08D,0
0DE77C8B83,0
0DED31F88D,1
0DEEF7BE17,0
0DF4A3834D,0
0E0188C5A4,0
0E07024771,0
0E12C2315A,0
0E16921924,0
0E3EF97D44,0
0E4E1C6BE3,0
0E85FFC2B8,0
0E94492405,0
0E97347549,0
0E984B41D4,0
0E9974258B,0
0EA26CEA0E,0
0EAD9EBD01,0
0EB18282C2,0
0ECC8B70CE,0
0ECF16267A,0
0EF05CDE72,0
0EF522D54D,0
0EFBCFA617,0
0F1B209F7B,0
0F350A8469,0
0F3E6674D3,1
0F3FE29100,1
0F40310D0E,0
0F4B2B4D60,0
0F5BFBD2E7,1
0F8103BC96,0
0F908233EF,0
0F984834CF,0
0FA89960EC,0
0FB48897E3,0
0FC1453D44,1
0FCC0F62D6,0
0FD253802D,0
0FD406938D,0
0FD53D5F86,0
0FE88D035D,0
0FE97A9104,0
100C704084,0
100C9621F3,0
10167D52C0,0
10172A64BB,0
102C61ED96,0
10498BD975,0
1051FB3783,0
1059E1A11F,0
106B781935,0
107B585F8C,0
107C54D0B7,0
1084753E46,0
10849A66A5,0
1087C85144,0
10A04B23B3,0
10AAD74A19,0
10B47EE5E6,0
10BC29D55C,0
10BF20346E,0
10C1FBDC50,0
10C6BDF929,0
10C9CBE7BA,0
10D049E98F,0
10DE934A8A,1
10F9776184,0
11114467E8,0
11285FB7B1,0
112906A3EB,0
11434C1778,0
114D951BE8,0
1171853922,0
117238B644,0
1197C1A864,0
11A878CD9E,0
11AC8E0182,0
11BF27FA75,0
11D72BB9F5,0
11E2F78681,0
11E714A9A6,0
11E84D1EEE,0
11FF2F677B,0
1201EFE483,0
12066D2422,0
120C93A399,0
121C010251,0
122932746B,0
12347A7063,0
123BA0DAB7,0
124A249B99,0
124F177CC0,0
1253888F20,0
1274E4BD0F,0
1299825446,0
12A7B3AA60,0
12C752A308,0
12CC15C222,0
12D1B9DEF5,0
12E466B05E,0
12F22D7331,0
12F26AD5A9,0
1302BAA9B7,0
1311863559,0
132056EA74,1
132B8BD52C,0
13658DB8BF,0
136BD89AAE,0
137FD60131,0
138286EA7A,0
138A5882B4,0
139808F156,0
139B2D7424,0
13A34F52A7,0
13C8515E69,0
13DD5ED84D,0
13DE23318A,0
13E0F3D86E,0
13F9ED0F89,0
1412C0E88D,0
141C3C14B5,0
14260CCCE2,0
14273ED08A,0
1437073C75,0
143807C51F,0
145305BE13,0
14743CFC81,0
1477C6858A,0
14787DE5A3,0
147C2432ED,0
1498AD97A9,0
14A16842E2,0
14A6FFB424,0
14B130FAAA,0
14C1A903DA,0
14C601935A,0
14D0A748AB,0
14D100FE45,0
14DDF3352F,0
14EE5A6710,0
14F3ECCD9E,0
14F84EE7FB,0
14F9517C14,0
15170DE154,0
153DC6241C,0
1544003F94,0
154BDA8A62,0
1559D8FC8E,0
15616BFD7B,1
15643D05AF,0
1564F70087,0
15651C74A0,0
1588D9B358,0
1598E4C72F,0
159C430855,0
15A43CD0FE,0
15B7497339,0
15BFF9D9DE,1
15DBF5293B,0
15E0640155,0
15E5998A89,0
15E7094BA8,0
15EB263D85,0
15F154335A,0
16103EC7CF,0
16278FB52C,0
163DE42F58,1
164BA1F92C,0
1651EC841F,0
1656B65C9B,0
1657159428,0
165E933381,0
16605D2A11,0
167141F55E,0
16761AE2FB,0
1677D9B6E3,0
167EAD3079,0
1693930178,0
169B29C2F0,0
16A14FA4C0,0
16A48746DA,0
16A8BC42A7,0
16AF6562D4,0
16B67B4846,0
16CD0661B6,0
16F1C2BDBF,0
1706A5B0E1,0
1706B9B2AF,0
1715FAA912,0
172CF33EFD,0
174949BDEF,0
174EC744B4,0
1759960ED8,0
176938BB11,0
1786E61BA8,0
178CAB397E,0
178FCAEE6A,0
1794A99A68,0
179F2BB27A,0
17A6AE7748,0
17AA57D95B,0
17B105C6B5,0
17BAAA7627,0
17C795A3B8,1
17DA80338F,0
17DE872FD5,0
17FE3AED2D,0
180683D7CD,0
1811D8C2A6,0
181B34C622,1
181B9A7EDC,0
183459B273,0
1839DF155B,0
184C6972F7,0
185B554870,0
1860AF5847,0
18629242B0,0
18821FADF4,0
189690E02C,0
1899A4C859,0
189D9EC096,0
18BE29B0DE,0
18C1773AB8,1
18CAEE853F,0
18F3FC684D,0
18FA8DBD39,0
18FC153ABF,0
1905DBB068,1
1938572F8C,0
193BB215D8,0
195A0B522B,0
195D777FE5,0
1962AF7D04,0
19649DBA9D,0
1964E9A355,0
19695C7489,0
19932022DC,0
199651FB87,0
19B388D122,0
19B4BF1750,0
19B678B1ED,0
19BC4983D4,0
19C7394263,0
19CF8590F9,0
19D9D40EA8,0
19E08B8551,0
19F3311AEC,0
19F7DAF5A8,0
1A016ABA87,0
1A0419D0D8,0
1A0B81F48E,0
1A13534D1E,0
1A1890113E,0
1A1BB04250,0
1A255D0591,0
1A27952BD2,0
1A3A11C826,0
1A3EEFAF5F,0
1A4E6A67DF,0
1A56F8C276,0
1A69687D97,0
1A6D6269E2,0
1A7323BC13,0
1A78446BF9,0
1A985F786F,0
1AA0BA4D0B,0
1AA18C5180,0
1AA6CC4B57,0
1AA6D9F83D,0
1AACE06080,0
1ABF5326BD,0
1ABF672276,0
1AC6ED4280,0
1AD214477A,0
1ADF813725,0
1AE836A310,0
1AE8398CE3,0
1AF16CDE17,0
1AF5B237C0,0
1B0277C69A,0
1B0976584F,0
1B14A6B01C,0
1B2143BACC,0
1B2D7A93A7,0
1B3B705897,0
1B3EA7A7B9,0
1B49F6E651,0
1B6FA59F2E,0
1B75D4C663,0
1B7ACB0F70,0
1B996BD419,0
1BA487B077,0
1BB550B8DF,0
1BD417908C,0
1BF04B78FD,0
1BFA8DF596,0
1C171F405F,0
1C28DBBA8E,0
1C2AE4EFE1,0
1C3245CB05,0
1C3F3DA73C,1
1C52ED2192,0
1C8590FA39,0
1C8B538F05,0
1C9D84D958,0
1C9FF07CC6,0
1CA04E76CA,0
1CD2D2ECA3,0
1CD4D0D9EC,0
1CD94865DB,0
1CD9A9E1C4,0
1CDBC565D3,0
1CDFBC8990,0
1CE2CA2A7F,0
1CEB70B9E9,0
1CF1C3ECB8,0
1CF8861494,0
1D08EC1551,0
1D1226CE82,0
1D16D1218A,0
1D1C01EF16,0
1D1FD157F0,0
1D312B275B,0
1D436050BD,0
1D473E2818,0
1D5AA39E08,0
1D818EDD22,0
1D822B51CE,0
1D8C1ADABD,0
1D998ED828,0
1D9AAEBDF2,0
1DA9FCEFB4,0
1DB475F526,0
1DB70B48D2,0
1DB8957A83,0
1DBC37DBFA,0
1DC0AE4AD8,0
1DD25D2D3C,0
1DD28F1900,0
1DD3AF2930,0
1DEC772072,0
1E12D532CD,0
1E13DC7DBB,0
1E19DC770C,0
1E31F903E9,1
1E38095673,0
1E4909DDA8,0
1E5B4B8DF6,0
1E65302AA6,0
1E7ABD5176,0
1E85C352A1,1
1E85FE386A,0
1E97D41ECB,0
1EA5BA800D,0
1EB6654836,1
1EB80E2919,0
1EC6ABE8FF,0
1EE71C6F6D,0
1EE8BB0930,0
1EED437BCA,0
1EEE12A744,0
1EF27C60A0,0
1EF2F3CC80,0
1F0B23C0B4,0
1F154F54D5,0
1F1F43E6F9,0
1F2AEDA938,0
1F2E313D95,1
1F36C93A8B,0
1F38C991C1,0
1F3A81BFD5,0
1F40BA17AC,0
1F437B3724,0
1F47B983CC,0
1F4BF89791,0
1F57BF95D1,0
1F61FEA82A,0
1F63A40138,0
1F68B2D010,1
1F693C394D,0
1F70810D55,0
1F7392F329,0
1F7EF1F15B,0
1F82BE06F8,0
1F89BC4B61,0
1F8DD7591F,0
1F8E959630,0
1F942F0AAA,0
1FA29F4EFC,0
1FA3C8FF1B,0
1FAABEF512,0
1FABD516C2,0
1FAEC8E767,0
1FB3AF9F8A,0
1FB5542F30,1
1FC1A951BA,0
1FC76C6C1A,0
1FCA3F57B9,0
1FCAB8F31F,0
1FCB230AF4,0
1FCDA5B880,0
1FEF708975,0
1FF4545DEF,0
1FF5889120,0
2004C98B72,0
200968A7F0,0
200F10620B,0
2027FEDC07,0
202EA49021,0
2031ABCC99,0
2033729C70,0
205BC3742F,0
2067AF9AD6,0
20761FC6E8,0
207A684A58,0
207ACBBE25,0
208D71B21A,0
2090B2307C,0
2099B48CFC,0
20D348501A,0
20D445EB15,0
20EDE3704B,0
20FD4F0254,0
20FD6C3D4F,0
20FEEF67FE,0
21074ACCC5,0
210B427D02,0
210DBDC45C,0
2111DCE5C0,0
2119AC16E5,0
211B53EAB9,0
2126981B43,0
213D71A0A9,0
216561BA34,0
2165D6EE8F,0
216990F11E,0
216A286C9C,0
21788AA127,0
217B6E137B,0
21807C20A2,0
218265CC42,1
2182BF1ED7,0
2188A74B70,0
218F4C80AB,0
2193EA3208,0
219B911AC4,0
21A2A35115,0
21A72241D4,0
21AC2649E0,0
21B86E6A8F,0
21C64F22FC,0
21C7E825DF,0
21DCB6AE8E,0
21F3893276,1
21FA342368,0
220171DE6F,0
221C72ADBE,0
222EEA9257,0
225440D7BE,0
22643F4642,0
22C912ED2E,0
22D2B4A110,0
22D57A742B,0
22D7B9EB75,0
22E6C106E7,0
22F91626E0,0
22FE708F66,0
23193E70A8,0
2319A0F770,0
231CC728C1,0
23231E21C4,0
2323A12C9B,0
232F324D08,0
23563EA2E2,0
236148FD1D,0
236A252DFE,0
237A496BEF,0
2392BD16DD,0
2393336B0B,0
2396D1E1A9,0
2397C6875C,0
239BAD751F,0
23A74F660B,0
23B42AD809,0
23CC6DDE05,0
23DE13A278,0
23DF4482BD,0
23DF63BCA9,0
23F32282FE,0
2409D66939,0
242FBFD948,1
243196053A,0
24321521C8,0
2440FA3896,1
24444EC3DD,0
2446E2112C,0
245360752C,0
247780178B,0
247FBDDB72,0
24888520EE,0
2499C83EA0,1
249E4161F2,0
24B85961FF,0
24BC810A43,0
24C98E8958,0
24D68C4AE1,0
24E1FCF31D,0
24E4D0A474,0
24E6E9587E,0
24EA041563,0
250B058DDA,0
250E883A04,0
252194C1B5,0
252AFCB466,0
2534AC1A85,1
2545749350,0
25510057C6,0
257262BEC6,0
25772EEF38,0
258D15D860,0
25962E751F,0
259C43C8D4,0
25B1948BEA,0
25BF860002,0
25C571EDCF,0
25D33CEF1A,0
25DC1CFACA,0
25E3AB8751,0
25E9D69321,0
25EF1C0364,0
2607476616,0
260912006B,0
261B0C4191,0
265B163F7A,0
266506692E,0
267C4157B3,0
2682D58894,1
2688E2AEF7,1
2695F94C63,0
26A29C7BBE,0
26A9897903,1
26B586FE89,0
26C20E6394,0
26C6768751,0
26C6A2015A,0
26D75CDBA1,0
26ECDFCD0F,0
26EE2E4C0B,0
26F2FBF56F,0
26F4DEB3EE,0
2714402351,0
271CF82AF5,0
272A53D752,0
272CF11F93,0
2735AD9BC7,0
2737A7C65C,0
2738D1B570,0
2740C6D9BE,0
2760EF1A0C,0
27664B215E,0
276BCD188A,0
276EA574A2,0
279071609F,0
2793DBFC44,0
2798245C0D,0
2799FA5609,0
279B75C86B,0
27B00B8F6F,0
27B536108E,0
27C38A392E,0
27D594AE60,0
27DCC7B0CA,0
27F1F48C4B,0
280D408388,0
281F72E228,0
28283713EF,0
283146F64E,0
2832EEA422,0
2834F69C11,0
283DB08427,1
2843597A37,0
2844281318,0
285A98B5DA,0
2870237F11,0
288F5148FC,0
28B678F415,0
28B834C7D9,0
28CE413FEE,0
28CE83AFB2,0
28DEC616A3,0
28E5410FEB,0
290471A739,0
29154FBAC4,0
2918D234D0,0
2919736ADA,0
293CC4E5DC,1
2943ED88A9,0
2946293767,0
296562932F,0
298850EAD9,0
298912E091,0
298B8917AE,0
29910732A8,0
29990CADC0,0
299EF7180A,0
29B05EC413,0
29B27F267E,0
29B9E63443,0
29D2D7B2D3,0
29DD94DFC6,0
29FAE7A088,0
2A0478E675,0
2A18A49DD2,0
2A1BAD7DD1,0
2A1FCB6209,0
2A2DEEE7B5,0
2A43ECAB27,1
2A4EB4EC45,0
2A562CF537,0
2A5D73A3A7,0
2A66BC69CA,0
2A69EDCB0C,0
2A6B6A6D81,0
2A7D42A234,0
2A853966AF,0
2A97BCB318,0
2A9A983F3A,0
2AA7B98A8B,0
2AAAC2E249,0
2ADF909411,0
2AE83BF5BC,0
2AEB12305B,0
2AED5B91A5,0
2AF491F4D8,0
2B00F889DF,0
2B1090E39F,0
2B2413BD2B,0
2B2574420A,0
2B4A9A4742,0
2B68664D07,0
2B7401DA10,0
2B7C2B828C,0
2B7E601B71,0
2B900F7CA1,0
2B927B0A3A,0
2B955D9984,0
2BA2A85039,0
2BB357B9FE,0
2BBD3A5E48,0
2BC1CD89B1,0
2BCB7AC50B,0
2BCDE50B10,1
2BCF525087,0
2BE037DF58,0
2BE753C956,0
2BEBC0FB3C,0
2BF226A4A0,0
2BF45823F2,0
2BF4FB1105,0
2BFF5947AF,0
2C0B0B146B,0
2C14DE6B16,0
2C15171FAF,0
2C2E42C840,0
2C3B06B51E,0
2C4695A29E,0
2C51DC86C7,0
2C581169DE,0
2C5A417E46,0
2C6BCBDEB0,0
2C7533F3CD,1
2C9AECD4C3,0
2C9B361404,0
2CAABBAE31,0
2CB3E3A3C2,0
2CC83D1CA3,0
2CCB4F0FC3,0
2CE11FDD60,0
2CE5999060,0
2CFE29D579,0
2D0F5A7531,0
2D2D3F92B1,0
2D3A351743,0
2D4E62449F,0
2D916EF5A0,1
2D92A325C0,0
2D99156B09,0
2D9DB790D9,0
2DA0D9ABB8,0
2DA2F08B01,0
2DBDF6F912,0
2DBFC21C0A,0
2DC731C480,1
2DD93EE4EC,0
2DE330F85C,1
2DE4C76325,0
2DF07EF52B,0
2DF44EEF59,0
2E04B1EA79,0
2E094CCEA7,0
2E2D25955F,0
2E2D979C8D,0
2E315879E5,0
2E3400DA93,0
2E49B90BD6,0
2E5B86BF9D,0
2E649BC1AD,0
2E7303D706,0
2E7F260BAE,0
2E957AE261,0
2E9AA06738,0
2E9ED01348,0
2EBDD9CF48,0
2EE7052A98,0
2F13AE4658,0
2F34B9EAFE,0
2F3AAABB36,0
2F5CF6790D,0
2F6F11B237,0
2F9576E590,0
2F9D75C1C7,0
2FABC62B6B,0
2FCA2EA6A1,0
2FCAAE026B,0
2FCEA40E9B,0
2FE6532C1E,0
2FEAE70B2B,0
2FEDF8A168,0
300796B315,0
301CB2B0B1,0
302F027F94,0
304CE791E8,0
3051D90E19,0
3064FBD18C,0
30674C3B66,0
30779356E7,0
307C85BD05,0
309551C958,0
3098ADDB97,0
30A5833CB0,0
30B532C8BD,0
30B80E97EB,0
30C253D036,0
30E76E2E6E,0
30E945392D,0
30F719D921,0
30FEC98F9B,0
3105B624AF,0
310AE92661,0
3116E60BCD,0
311D17A746,0
3124B50626,0
3134ABF42B,0
3137A85EE0,0
313D17C1F9,0
314E6CF1A1,0
315E9F28E1,1
316F42684C,0
31798C18F0,0
3184099A56,0
318645EBD7,0
3188A2BF9E,0
31952B87AC,0
31964D1A2C,0
31A62573AB,0
31B72D19DC,1
31BA7DF89A,0
31CCCDE085,0
31D07172BF,0
31DCED9113,1
31DF15580E,0
31E189F7DC,0
3202DD6D3C,0
323A3285C0,0
324C1886C6,0
3251A717D0,0
3259825081,0
326521638D,0
326990D233,0
3272F4763E,0
3281230F0F,0
328598A25C,0
32983E8CB1,0
32A56D57F5,0
32A7C460FB,0
32CA5B51BA,0
32CDDF760E,0
32DFC5D385,0
32F3C9EEFF,0
32F43C158D,0
32FD0333C6,0
32FF8DDBC6,0
3309A6B249,0
330C01724C,0
3318A98895,0
331F9B9183,0
3320B1A8F4,0
3327856607,0
332C55746B,0
332F7CFB56,0
33374FC1F3,0
333BEF4B54,0
334C3CC459,0
33503142FA,0
3351C88AC8,1
3358C844D0,0
335D4F66D4,0
3365133E67,0
3388A6FEFE,0
338A27C1CF,0
3397E8B6E3,0
339EE54C7B,0
33ADC5E456,0
33BD24FB51,0
33D4B63824,0
33DC44E661,0
33E3814743,0
34011AABCB,0
340E31C102,0
3413A94AE6,0
3419C8801C,0
3420DA9221,0
342257BA45,0
3425264668,0
3428595D1A,0
347407756A,0
3481BE2BEA,0
348DCE0324,0
34AA74DD08,0
34E101FFBA,0
3528F46B0B,0
353BD35335,0
354422DAD2,0
3561E5A816,0
357DC33519,0
35850E9A1F,0
358BCB76FF,0
358E0DF7E6,0
358E610EA4,0
359E164499,0
35C1528166,0
35D399592B,0
35DA31779A,0
35F8B2715E,0
3607254A9D,0
361383BB84,0
361A2C9A00,0
361C217DC7,0
361F2BE6DB,0
361F7CD412,0
363648BE4E,0
363A107F9B,0
364C11CA82,0
366AE98DCA,0
367273F15F,0
3693D36005,0
36964E6EDF,0
36A186D17F,0
36A491E987,0
36A7AAD534,0
36ABB61E09,0
36AE9880D2,0
36BF5A9F96,0
36CD4B2783,0
36CF1D5D1B,0
36DBF9544B,0
36DFF5482C,0
36E46A2457,0
3719FAA98D,0
37223CBAD6,0
3726CAB893,1
373EA1B840,0
373FF8056B,0
3753D5F41A,0
375576166A,0
376220395B,0
3770876042,0
37709C5752,0
377289A44F,0
37789453F8,0
378641DBF0,0
378CC1011B,0
3792AB8CFA,1
37951F13EC,0
37958F1EC5,0
37A37915CB,0
37AC3920A2,0
37B03186F8,0
37B4328B8B,0
37FB032288,0
37FCED6334,0
3819CF74BE,0
38492DB14D,0
385409A9A4,0
386CC90B43,0
3872E2F527,0
388BA43B1A,0
3895FD9FDA,0
38B35EBF7D,0
38B3A2BDE4,0
38CCE7523D,0
38D00D36B2,0
38D066EEBF,0
38E37F1535,0
38E3A8B3B3,0
38EAA89525,0
38EB76CDA6,0
38EF5EC68B,0
38F115602F,0
390015A605,0
39200664CC,0
392C35F71E,1
393C669CA4,0
393E6BEEBF,0
393EA5109C,0
39515713DD,0
396470C168,0
396A6D32E6,1
397157DF02,0
39812E6295,0
39846A5D13,0
3988359A78,0
398A791AF4,0
3995B5B8A3,0
3996F8716F,0
3998CEA53D,0
399EEEC903,0
39B9D0DB8D,0
39BB44BC13,0
39CB048B96,0
39D4261F58,0
39D4AE5568,0
39EDF6D94C,1
3A192B847E,0
3A1CC8D3BF,0
3A23E4DD11,0
3A26BD6E36,0
3A371D0952,0
3A41CE0F2C,0
3A44C889C9,0
3A46E1B735,0
3A4D5A353D,0
3A55062303,0
3A58D0B936,0
3A66422DFA,0
3A68E212DF,0
3A6BD6437A,0
3A739DBA08,0
3A77018CEE,0
3A8510C0C0,0
3A96C1B4ED,0
3AAD403CDF,0
3AB636659E,0
3ACF0427A4,0
3ACF598859,0
3B20D249A0,0
3B2A4A32EB,0
3B2E9B63FF,0
3B4B1E6632,0
3B781ACA07,0
3B935FDE04,0
3B937084A5,0
3B9594A7E5,0
3BA1466281,0
3BA63AD67D,0
3BB25F0B6B,0
3BC241AC95,0
3BD7B4B0BC,1
3BE0FC8BE6,0
3BEB5B7FFD,0
3BEFA374F5,0
3BF7738B5F,0
3BF81EE197,1
3C0DD5195D,0
3C14D395A9,0
3C471CFA24,0
3C614FF6A0,0
3C67463B3E,0
3C6AEB2E56,0
3C6AF037EA,1
3C7B64E2B2,0
3C9A6D3A3F,0
3CAA480D50,0
3CB4E23FEC,0
3CB55D4EB4,0
3CBC5F0DE4,0
3CCD691940,0
3CD582C2E5,0
3D0D41B012,0
3D0EDD6EE5,1
3D26D8B8D5,0
3D744097BB,0
3D744A985F,0
3D8B235A45,0
3D8D23FC04,0
3D9F74B90B,0
3DAE8929E9,0
3DBB93206E,0
3DC60A550F,0
3DD0552C74,0
3DD4ADA89C,0
3DD88446DF,0
3DF7F14721,0
3DF87C308C,0
3E01B513A9,0
3E0DBD33F1,0
3E21F389F0,0
3E2517DEDD,0
3E2AF77C07,1
3E39172D8D,0
3E4535FAB7,0
3E4B256F33,0
3E56F8F8FF,0
3E6971FC42,0
3E710D18BC,0
3E9A4FCCD6,0
3EC0057CCD,0
3EC6545AA7,0
3ECD86122B,0
3ECF44CD91,0
3ED8F39EAC,0
3ED984DBF1,0
3EE440956F,0
3EF02F7FD9,0
3EFE02F087,0
3F0333F9B7,0
3F0375800F,0
3F0E7D5EC6,0
3F1465EA18,0
3F19916795,0
3F2251960D,0
3F44F69332,0
3F456143D2,0
3F71643862,0
3F728D148C,0
3F7719DA56,0
3F7ABA9219,0
3FC419ECAB,0
3FC924375A,0
3FD1AB9F90,0
3FE102219E,0
400090D46E,0
4012FDB335,0
40198341FF,0
401D04A423,1
4028D1AA1C,0
402B346FA5,0
403CD3BFB3,0
4051EB21E3,0
406038682B,0
40781A332D,0
40827CE6DB,0
4083C6C7B8,0
408B10C0F8,0
4091177725,0
40952D98D0,0
40A1001BC3,0
40A25D22A8,1
40B0A41598,0
40B7482CD4,0
40BDB3BDE5,0
40C15DE045,0
40C7A43D38,0
40CA21C016,0
40D8802E53,1
40FC10BEDE,0
40FC8788D6,0
40FEB0EB4A,0
4100B66BAC,0
4113AA9B2B,0
412C41B691,0
4131C98FDE,0
413AB50714,1
413DFA66C9,0
4140FEC051,0
4144343077,0
417DE36850,0
4180022D91,0
418276EDD4,0
41999E72C4,0
4199FA6E30,0
419F4A749E,0
41A18333A2,0
41AF485ABF,0
41BD049C5B,0
41BDD5F5A4,0
41CB8B4562,0
4200318B72,0
421B6552EA,0
421C9E1287,0
422B55282B,0
423E80DD48,0
4259F12E27,0
426A9BCCD9,0
426E8F632E,0
4283EDF60C,0
42846B43DB,0
4290F22101,0
429180BA78,0
429227B343,1
42ACC6DE6F,0
42C2DD588A,0
42C3132B96,1
42CE3BC1C3,0
42D470FFC5,0
42D50A7606,0
42D531D4ED,0
42DBB1418F,0
42DC257B39,0
42DEC27B73,0
42E36C40B3,0
430E2DEABE,0
431269725B,0
4315C2554C,0
4333AE8536,0
4339E7FE2E,0
433E0BED25,0
434DFE9233,0
435C0B0C25,0
436324BEEA,1
4368C14687,0
4377041DDE,0
439D9413F0,0
43D2F26DFB,0
43D6F0EE5C,0
43E2139036,1
43E550F7E2,0
43E8BC9A78,0
43EAC2D840,0
43F947321D,0
43F9D545B9,0
4412AD8DF7,0
4433D69F07,0
443CCDCE87,0
445BE11609,0
445E8CC6BB,0
446080E059,0
44663BD24F,0
44748C01C0,0
44A2F394F0,0
44AB5C46E7,0
44D8AAC299,0
44FA41EA34,0
4503C8CAC7,0
4508736010,0
450981678C,1
4518D4A565,0
452CB71A10,0
453EDBAC0B,0
45405505AB,0
454E86BA08,0
4550377D4A,0
4552D0FF98,0
4555C3A8ED,0
45625E6842,0
456C5578C9,0
45A1072361,0
45B342E50D,0
45BD48B43F,0
45CF700443,0
45FF72EEEF,0
4613E62FBE,0
46143B2FA5,0
4621D1AE82,0
462DA28CF4,1
4631033930,0
463BE29EB3,0
463C8608CD,0
46404B408E,0
46461AE361,1
4654891CDC,0
465F74FA5B,0
4664C5640F,0
4681F4047A,0
468636CEA7,0
468D3B1757,0
469C6F9FF6,0
46A78C5E92,0
46ACB9F601,0
46ADCDBF53,0
46B6536A37,0
46C8016528,0
46D8B08759,0
46E3B4A722,0
46ECFEA51E,0
46EEDC222D,0
46FB64761B,1
47057E593E,0
470C81FA66,0
470F1968A4,0
4721D7E02B,0
4724FCD0BD,0
47428390FC,0
47466AB585,1
475007F579,0
4751A8C41A,0
476ED53E86,0
477E967B32,0
479835ECD1,0
479D127595,0
47A5057A42,0
47AC3C4B04,0
47ACD5BF10,0
47B5D64B69,0
47D2332543,0
47D70E97E8,0
47E092F255,0
47E766A29B,0
47EBED01A2,0
47F1CCF4CD,0
4803A6514B,0
4812E042FD,0
48174BBB52,0
48184C377B,0
4838220557,0
4852732252,0
486D4A98EE,0
48713F610E,1
4886876E57,0
4890C10E72,0
489400E9B0,0
48A6817600,0
48A9859F57,0
48BE6BD0C4,0
48C3CFCABE,0
48D9BBD067,0
48EB3F7E55,0
49055D20F1,0
491460CA48,0
491EA1D897,0
491F1E76F8,0
492BAF6CD9,0
492EFD7F0A,0
493A25779E,0
493E961141,0
494678BF4C,0
49484F135F,0
494BE56EC9,0
496178DDF1,0
49650A7DD3,0
496795A7CD,0
496AFE77B4,0
497DD79F42,0
497FE4A0B6,0
49A2FEABB0,0
49A64F5179,0
49B127EDF1,0
49E5F0B9CD,0
49E81FF016,0
49F588696B,0
49F6DA27DE,0
4A02A3D172,0
4A06F59FC3,0
4A0C812A9B,0
4A12571533,0
4A1E968041,0
4A277DB8FA,0
4A5B7C4C50,0
4A660FCF37,0
4A7C62F357,0
4A7EB124BC,0
4A93A8940D,0
4AA9FF2BD4,0
4AAA6C71E2,0
4AAA7D14AD,0
4AAD4D15BE,0
4AAEBA3E48,0
4ABD5D88EA,0
4ACFAC40EE,0
4ADD9A2A1F,1
4ADDF2DD13,0
4AE89DB890,0
4AFFEEECA5,0
4B00BBB7A9,0
4B09091306,0
4B12F3D0B7,0
4B185AC51D,0
4B18C200EB,0
4B5A3DF718,0
4B74FCB83B,0
4B7C13F07E,0
4B8607CC38,0
4BAA3A79FE,0
4BB4EA893B,0
4BBD827AE9,0
4BC169FEAE,0
4BE3DBCFFF,0
4BF3AE4EB6,1
4BF47E4057,0
4C036870CB,0
4C0FC44830,0
4C1235C6F2,0
4C25646E2A,0
4C27C589C7,0
4C31B3848F,0
4C6E1F9DEA,0
4C6EBFC47E,0
4C860C5A97,0
4C897C1FCE,0
4CACA0EAAB,0
4CC8DADCCD,0
4CCAD5CE1B,0
4CD551E0DF,0
4CE05CCB5E,0
4CE7D6A669,0
4CF194A963,0
4CF5BFE388,0
4CF77216FE,0
4CF7D36710,0
4CFE9CF38A,0
4D0587F032,0
4D0D64BC5B,0
4D159ACEF8,0
4D34425F63,0
4D4E53FAA8,0
4D6A7A726D,0
4D746BE325,0
4D79C14FCD,0
4D885232B9,0
4D927CD9C8,0
4D9667741A,0
4DB39FFE3F,0
4DB56110B2,1
4DBA45D2A3,0
4DBFF53A7B,0
4DD5E4405D,0
4DDCFF9161,0
4DEC69CF73,0
4DEDB17349,0
4DEDF2F340,0
4DF18F2FBD,0
4DF19D78AC,0
4DF36925D8,0
4DF38659CE,0
4DF74B27BA,0
4E004881F9,0
4E01AE48F8,1
4E0D6A6B9B,0
4E1C1ED744,0
4E2089236C,0
4E2B56140B,1
4E2BD94598,0
4E387578F0,0
4E423B82F0,0
4E47ED3E0F,0
4E50DB725C,0
4E55ED1CA6,0
4E57890E3E,0
4E620E46FE,0
4E635296E5,0
4E681C7B0C,0
4E6FFFBAEB,0
4E71001ADB,0
4E816E084F,0
4E8A811090,0
4E9BF1EA9F,0
4EA3A9F385,0
4ED4B4661A,0
4ED86995A1,0
4ED9979637,0
4EE24C7EFB,1
4EE3FED146,0
4EE515A109,0
4EEEFCEBC4,0
4EF2A337DD,1
4F051EE88F,0
4F1F98CFF5,0
4F24F1739E,0
4F266B2534,0
4F3D3651E0,0
4F4419A2DC,0
4F490BF03D,0
4F717B80CA,0
4F79090F07,0
4F86433A74,0
4F95F011F2,0
4F9C5CA00B,0
4FA458A09C,0
4FC7CAF845,0
4FCAC8B67C,1
4FCC3D2744,0
4FD29EE2B1,0
4FE5520531,0
4FF06ABEE6,0
4FF34CE3AB,0
5029E7EF29,1
50336E8FA3,0
5036A77305,0
50385B2B16,0
503B7FE332,0
5049F9501C,0
5055C0671C,0
505F9D2D13,0
5065EE1AD3,0
50738F32A2,0
507766D44B,0
50920D4731,0
509AA889FF,0
50A19423E8,0
50A388941E,0
50A9929DD3,0
50ABE96B65,0
50AEA23BEF,0
50CFFD0C69,1
50D2E4305B,0
50D85702E0,0
50E2DC0D67,0
50F64254D0,0
510B89C3C3,0
510D9ADB0F,1
511113F5E0,0
5119242530,0
51266B51AF,0
514299493F,0
515A490668,0
515C413F28,1
51631B97E6,0
5165B5CA00,1
5168C46629,0
516C064655,0
517C986F3B,0
51812749D3,0
5181B30077,0
518F70B2AB,0
51916B2361,0
51965FEB82,0
51A8069FDC,0
51B3BE250D,0
51C345EBDF,0
51D42C018E,0
51E31926EB,0
51E324B8C6,0
520C9FFF94,0
52399C8CC8,0
52416C108E,0
525ACE8F88,0
527CBF1EDC,0
52AF475C62,0
52B9A92C77,1
52E4C5F7EA,0
52E7B72FA6,0
52EBF7CDCD,0
52EEAEAA5C,0
530B3239F8,0
5324397173,0
532A5706F2,0
532BE3A737,0
5335DA0C05,0
533E000599,1
5356119BDD,0
5357F39CD1,0
53677BA4ED,0
53714949E3,1
53773BB6C1,0
538039E62B,0
538BF02400,0
538C40D987,0
53908E2AB5,0
53BC0439F8,0
53BC59C0EF,0
53BF65E01E,0
53CBD15D13,1
53D1DC032C,0
53D28F3688,0
53D395F928,0
53DA92E319,0
53E085D547,0
53E261B0C4,0
53F7429AB5,0
54001905CE,0
5425B42A29,0
542F2F4D3D,0
542F6C6ADE,0
5435B9D89A,0
543F1CC9BA,0
54417B8C7E,0
5453887B8D,0
54542AA26A,0
5462F66E0B,0
546D0ECC4B,0
546E01EA71,0
54851F14BA,0
54857AB448,0
549DFD5A92,0
54A32B69AC,0
54AC3FA424,0
54B5F87FDF,0
54C0C0A90A,0
54C859B73A,0
54D997CC69,0
54E0AD1198,0
54E536AB89,0
54EA60D736,0
54FAE4BB35,0
55024B7850,0
5508843DDD,1
550AC5EBE8,0
551036D395,0
551D078190,0
554C187882,1
555A74841C,0
555EDD8550,0
5579EF6303,0
55A7390E29,0
55A990DBCD,0
55AA4E080D,0
55AB1D13BA,0
55B04FF251,0
55B3672DF2,0
55B44B0EE4,0
55BD0C221C,0
55C29630B7,0
55CF283D82,1
55D3786629,0
55E3B1B995,0
55E584F0D8,0
55EED1DC7A,0
55FD065FC6,0
5600CFFD38,0
560F514E20,0
561342A3A3,0
561CEE496D,0
562CFD6094,0
563A9C765B,0
56434799E9,0
5662ADE2E7,0
566C0653A7,0
567EEEA782,0
5687DB60A1,0
569E2C1373,0
569E88287F,0
56BFD552EB,0
56D2747E3A,0
56DA76EACC,0
56DAED1FA8,0
56E5637239,0
56F5FB7474,0
56FFEE11B8,0
570EACD7D6,0
57198B2CDC,0
5723BC7490,0
5730F277C5,0
57316300ED,0
5732C7D17E,0
57469B5C3F,0
5755F02F4B,0
57563BF134,0
575D5DDFEF,0
57694325B4,0
576FB9E19A,0
576FE44320,0
5781C61D15,1
57967A01CD,0
57A641D8E1,1
57D3250135,0
57E52F32B7,0
57E7A36F7F,0
57F1B2C0E5,0
57FA18E35D,0
5801402C92,0
580A204DE1,0
5813C175C2,0
5817CDECDA,0
5819507407,0
582AFC6225,0
583C1A3FA0,0
584BE71AED,0
585C5E3079,0
586186C9F1,0
586CB4C92F,0
58748AA273,0
587ADCF3D5,0
587D4F52B8,0
588E9A2118,0
589280E346,0
5894AC570B,0
589A816D65,0
58A708E3A3,0
58C39F376B,0
58CF4D1AAA,0
58DA2643BA,1
58DA910D25,0
58E16EAF9E,0
58E4C7D8E1,0
58EFA00DDC,0
58F33139A7,0
590F663ECE,0
59115538F2,0
59155CFAD5,0
59225D9B76,0
592C532A3B,0
5942D3402D,0
5943714627,1
594FF6199E,0
59598ABA65,0
595B995F6F,0
595F9579F2,0
597433A171,0
597DBDC6CD,0
59881C126E,0
599ABE2134,0
599B81F699,0
59B67C9955,0
59C2C53188,0
59CB379B54,0
59CC1A03C4,0
59D2F40AB2,0
59D8CB8B6E,0
59DA55E2BE,0
59E4051B8E,0
59EE4EE5D3,0
59EEBCB03F,0
5A07482C20,0
5A0BF3BDDC,0
5A1358D23F,0
5A39BC8909,0
5A41D1C59B,0
5A4914408F,0
5A49CCB9A6,0
5A53E31DCD,0
5A5ED778A0,0
5A71EAFAC0,0
5A7C21FF99,0
5A888212C6,0
5A90E01217,0
5A972926BF,0
5A9C7C924E,0
5AB0A2DB12,0
5AB65B9FAF,0
5ABD180D4F,0
5ACD438470,0
5ADC011095,0
5AE5A88F11,0
5AEB1A4114,0
5B040EA2E1,0
5B116584BA,0
5B1B4617DA,0
5B32F82C93,0
5B47443720,0
5B4AD35E57,0
5B4C24647A,0
5B7F42B4EA,0
5B83F3C351,1
5B8AB02BB6,0
5B991EBC10,0
5BA088F436,0
5BBE2153C4,1
5BC444BA39,0
5BDBBC3316,0
5BEEACCD7E,0
5C063D4BD2,0
5C1A760316,0
5C1F0FC4CE,0
5C273F0C94,0
5C282BC0A9,0
5C29C42F3F,0
5C30933ABC,0
5C386A36CB,0
5C43672D87,0
5C47D50CFE,0
5C5DF22953,0
5C605D4A29,0
5C607DF356,0
5C6A5713EA,0
5C78F3BF85,0
5C79AA592D,0
5CC5ACE6B5,0
5CE1FE5A42,0
5CE215E710,1
5CE553D89A,0
5CE7165520,0
5CE96A1F6A,0
5CEE3A9AFB,1
5D077DE0D9,0
5D22ABE206,0
5D26A3DD10,0
5D2C5FF4B3,0
5D2CCAB9F2,0
5D2DCEC267,0
5D39A5FF16,0
5D3E102626,0
5D7A0F5D5A,0
5D96351A67,0
5DA90A7750,0
5DB14EFB1B,0
5DDE6372B4,0
5DDF51DBBD,0
5DE5A0EE94,0
5DECE98B8B,0
5DF201B3D5,0
5DF339B394,0
5DF5A3EE55,0
5DF7553119,0
5DF920095D,0
5DF968E572,0
5DFDBFB6D2,0
5E03FCA62D,0
5E14026967,0
5E14BA3F79,0
5E2667A9EA,0
5E2F7858DC,0
5E48498BB0,0
5E531FE24A,0
5E7442AF99,0
5E7578FB5A,0
5EA0CF1E2F,0
5EB9AF6E71,0
5EC7378C69,0
5EC9234881,1
5EE9122439,0
5F17DC3686,0
5F197901FD,0
5F2310FE5B,0
5F3653A05B,0
5F382B4E94,0
5F39DD1BBD,0
5F61EF473E,0
5F733D7340,0
5F810115BA,0
5F8AE3B350,0
5FB9C999C1,0
5FC04C88D1,1
5FE6D26E6C,0
5FE7334369,0
5FEDA495E5,0
5FF19F1D22,0
5FF5684F33,0
5FFE284D04,0
600AB38DBC,0
6018411290,0
601A1B7114,0
60200F934D,0
60221456A4,0
60221B3703,0
603653DA89,0
6058147898,0
60834FABFB,0
608745529C,0
60902C92C3,0
609607983C,0
60A0992082,0
60A4CCC19F,1
60B5418CF3,0
60C110AA15,0
60C73DE2DB,0
60CEF537D5,0
60E54F1F6B,0
60E6B6A7E1,0
60EA5AD748,0
60F04608B9,0
60FCD9E049,0
611A42ABBE,0
612623740C,0
612E0D1975,0
6130232B1D,0
6140C638B5,0
614ADDD57A,0
616BF37FB5,1
616E9D2F44,0
61746B811B,1
6182877342,0
6187374469,0
6188EA589A,1
618E8D4CEE,0
61916E31A1,0
61A8325B9B,0
61A8E0DF01,0
61B1D86B1D,0
61B9D9DCDB,0
61BCFA6490,0
61C72B1C64,0
61DEA96F31,0
61E96D0FB8,0
6209830059,0
620C432B4B,0
621C700CEB,0
622763282A,0
6227FDA420,0
622B0B3377,0
622D66B6B1,0
6245CD865C,0
6246B77D9B,0
6260A3B7C2,0
6260A96567,1
62709B6FA1,0
627512965A,0
62758C88C8,0
6277F92695,0
6280F26981,0
628A4C090E,0
629F8C1CBF,0
62AAE52D65,0
62C06E679D,0
62D7695D8D,0
62EB5AE5A1,0
6307939FF8,0
6310495E31,0
633174207E,0
6335916D05,0
633903B4BF,0
6345AB2896,0
635E57DE02,0
63703461E0,0
6374234C00,0
637DB0287E,0
638A13893B,0
63A9A87067,0
63BDB38FBC,0
63C1D5995A,0
63C46F74E6,0
63C5CE70C5,0
63CA768499,0
63CCD1045C,0
63D72A1C99,0
63DC20C5E4,0
63E2D9F8BA,0
63E4C7B6D5,0
63F7456FBA,0
64071076A8,0
6424A50B54,0
64358F8358,0
6437279014,0
643F632A3B,0
6465626EEB,0
646E506F6B,0
6476A07FCC,1
647BDA3115,0
648F247392,0
649EEE0B19,0
64A33DD706,0
64A69FCA31,0
64ABA520D5,0
64C0D03A8F,0
64C5DCFB06,0
64CEA86508,0
64E6B6B9ED,0
64EAF00239,1
64F0F71BB0,0
64F35BF39F,0
64F532A744,0
64F8B47DF6,0
6517994098,0
651A8BA80F,0
652180D3B5,0
65235863DC,1
653FA136ED,0
654F6AB649,0
654F6FEBA3,0
657DFE1A3B,0
658FCE96EE,1
659F6947C0,0
65AB94B812,0
65B7CD840B,0
65BA723AA0,0
65CEC95A97,0
65CF8DA315,0
65D2069F7B,0
65D69E6656,0
65EB0DB848,0
65F0C667BB,0
65FAB4D857,0
6614F2B19C,0
6619670B01,0
661F5E1BAA,0
6620C06AED,0
6631CC9169,0
66373D37FF,0
66396A207E,0
663C39DDC5,0
664B822737,0
664F3032B4,0
66584B6BF3,0
6658C66AFD,0
665A4A0678,1
66620F5DA1,0
66621D86D8,0
6662BA5735,0
667E410711,0
667FF12C40,0
668C48DEF8,0
66AE550FCC,0
66D63C9691,0
66D7C9302F,0
66DB05E419,0
66DD1FC034,0
66F6C3F89F,0
66F83BED5E,0
66F97E2ACD,0
67201F6287,0
6723828AB4,0
672CE68D3D,0
673288E133,0
67382A55D5,0
6740C8B9CE,0
6758788B64,0
6759E59693,0
67932181C9,0
67A15F1A41,0
67A32FF8CD,0
67BD34518B,0
67CD91E423,0
67DB12FCEB,0
67E3F9904B,0
67E7BDF68A,0
67F6801D1B,0
67F86FC586,1
67F8B0BED8,0
67FB006AC7,0
680588BD0F,0
680CF14743,0
6811143940,1
6826643FD9,0
6827F387E3,0
6831E13FDE,0
68378CA711,0
6839027A09,0
68396E5C56,0
684424C18C,0
6845985AB5,0
684A88C6BA,0
684AEF59B5,0
6865230C6E,0
686C6FADCD,0
687D778F1F,0
688ECF1709,0
68B0E1D537,0
68C340AFB7,0
68CB34835B,0
68CDAF8D07,0
68CDC5569C,0
68CEF25F53,0
68D89235DE,0
68F69FDF09,0
69035FA87C,0
69041C65C0,0
691C703657,0
691D1A862E,0
692F00D84F,0
69450C2D6C,0
694D012949,0
694F617287,0
695D0CA032,0
6970659199,0
698167F577,0
6986985E7C,1
699D80267C,0
69B13D61A5,0
69B48FD97C,0
69EB430D19,1
69FB079AD5,0
69FC05998B,0
6A012567ED,0
6A120BAA13,0
6A1FB2A169,0
6A21A58704,0
6A3AE449A3,0
6A41A792E6,0
6A641A35A1,0
6A7CC3090A,0
6A7F7C8E92,0
6A93A8AB70,0
6A9B03BDB2,0
6A9E0DC48A,0
6AD4CBA43B,0
6B04B117EE,0
6B072DFFB8,0
6B0CB71308,0
6B1C467819,0
6B243EF1DD,0
6B36F54922,0
6B3B9E9EC9,0
6B3BAB00B1,0
6B51CADEE0,0
6B6824FEC1,0
6B6C59A24D,0
6B70468A95,0
6B84CABC58,0
6B8C73DAFF,0
6B963C19D2,0
6B9BDE6588,0
6BA321AB61,0
6BA6F2DFE9,0
6BAC5AB425,0
6BB766BF3A,0
6BC52231E6,0
6BD74554B3,0
6C025E42F7,0
6C0D92EC77,0
6C1BA7894B,0
6C20CA3B5D,0
6C3AC5DF4E,0
6C3B2E4AC4,0
6C51B4D0D2,0
6C5A2BD0CC,0
6C60D76A56,0
6C67CDA238,0
6C6D716BFA,0
6C707F32DA,0
6C88F3292E,0
6C8998B991,1
6C9B328B5E,0
6C9BFE3820,0
6C9E9F1BFA,0
6CBA98693B,1
6CC9500738,1
6CCF0CA005,0
6CD42EC972,0
6CE366712F,0
6CEC1DD4CE,0
6D03B99219,0
6D1041DC03,0
6D2EBCFCBC,0
6D50EE59EC,0
6D59A12DE4,1
6D6C36226C,0
6D90A49ABB,0
6DB134D2D1,0
6DC41940E4,0
6DE41C659A,0
6DEDEABDA2,0
6DF2393C61,0
6DF2D36516,0
6DFBCF2789,0
6E070411B2,0
6E0D332A9B,0
6E11216B36,0
6E31B9FDDF,0
6E34E3E2A5,0
6E3CAABE20,0
6E476B8EE6,0
6E4B357A98,0
6E54EF7920,0
6E554AF87D,0
6E637F95C6,0
6E7C9FD553,0
6E8D95B81F,0
6E901C9841,0
6E9B93D8CE,1
6EB9EA89D2,0
6EC7EBE507,0
6ED6D3506B,0
6EDC8865BA,0
6EE555A48B,0
6EEF8EED8E,0
6F02BDC46E,0
6F172907EE,0
6F1D4ACCD3,0
6F21DC1585,0
6F2A0765ED,0
6F32DE9B70,0
6F3D3E5F25,0
6F4C7C2329,0
6F4F6EC266,0
6F5B74148E,0
6F71A72C0A,0
6F720CA0BD,0
6F7F114761,0
6F8CB305A7,0
6F964837CC,0
6FB6DBF661,0
6FC045D997,0
6FCC957434,0
6FD2325B49,0
6FE738C549,0
6FEBB5DD60,0
6FFCD8FFD7,0
7027E19C00,0
7056AFC78E,0
7068976C20,0
70740B9218,1
7078CBD3AE,0
707C9B420A,0
70936CF06F,0
709D0618FB,0
70AC636C9B,0
70AC82E279,0
70B3757CF5,0
70C0899022,0
70C269158B,1
70C55023A6,0
70D1940753,0
70D27D4E2C,0
70E4F74D62,0
70E81D015D,0
70ED5C8CA3,0
70F1877D8C,0
70F18CB3C6,0
70F445BC0D,0
7118B53AED,0
7118FD8F13,0
712261C67F,0
712D2ABE23,0
712FEC4025,0
7137D90A0B,0
714936A79C,0
714FA96EFB,0
7169EF97F3,0
716F92EEEC,0
7173DD2F79,0
717B83621A,0
7181EE3C56,0
718483B3E6,0
718A3CCBDC,0
718D44FEA4,0
71A268E6C5,0
71B84BDE91,0
71C577D7C8,0
71CDF3FD60,0
71DEE0AFF3,0
71E5A53C5A,1
71E6B3F8BB,0
71FE008E59,1
720690AEFC,0
7209413BA0,0
72157AD44E,0
72286BB94A,0
7234ED999D,0
72498C4E1B,0
72543605B0,1
7274422D4C,0
7278F11DF0,0
727DB9F97C,0
728DA21D68,0
72A6FCBA97,0
72B8B8ED65,1
72C6DF61B0,0
72D1218FED,0
72D247D0EA,0
72D3CFE9D8,0
72D9B22AC4,0
7325DCF16C,0
732CD098D4,1
73388CAE35,0
733F7F360A,0
7345869B54,0
734675E7C3,0
73529B4A2B,0
735A017486,0
735CA46B7A,0
736872FD60,0
737C2ED6D2,0
738A861D96,0
738C14331A,1
738C4CCBD0,0
73978BADF3,0
739B059187,0
73ABE6CC53,0
73B8829C04,0
73B9F33050,1
73CA90AD76,0
73D8B2FAAA,0
73DD059E2D,0
73E225AA36,0
73E8428EFC,0
73FACBFB36,0
73FB1F2359,0
741159583E,0
744376E7BD,0
7448552C65,0
749484566E,0
74AAC5D8C7,0
74B55E81F8,0
74BDB5792A,0
74C8189C88,0
74C98B1066,0
74D46AF121,0
74D916AF5D,0
74E6C414E5,0
74EFA5BA7B,0
74FCEF0C23,0
7502317460,0
7525806BF3,0
754C57F65E,0
754C779257,0
7550D0EF10,0
7555695CC0,0
7562A2F9C1,0
7581B6274B,0
758203C175,0
75A6A9B75A,0
75B4B4A122,0
75B69558BC,1
75BDBC715B,0
75C6C9991D,0
75D1E3F183,0
75D7815038,0
75DA89D211,0
75F1BF5CC4,0
760E768822,0
760EA3ACFF,0
7616902CD4,0
7616B8EFEF,0
7617D86858,0
762CC2ACC0,0
7634371326,0
764109701E,0
764A110082,0
76531B52FA,0
7660405D46,0
769D9AAA74,0
76A67CB7A9,0
76B568E2A6,0
76B732AB69,0
76BF2B98C6,0
76DC14CCAA,0
76EAF9E009,0
76F2F1A942,1
76FA954EB6,0
77019B6A9E,0
77090BAE09,0
770BE540D1,0
771CABE9F9,0
771D6B12A7,1
772C27FA79,0
773E8AE85C,0
774819EA0E,0
7748E8B1EC,0
7755CBAC76,1
775F45F353,0
77AE720FA4,0
77B2C9BB7C,0
77BC641021,0
77BD5B0273,0
77CC35E297,0
77CD434989,0
77D363A0D3,0
77E258A48E,0
77F83D2E99,0
78021BE749,0
780BB06F0C,0
781158E769,0
7821349FEA,0
785DA60955,0
7865594677,0
786988B444,0
789337D2F8,0
789FA8C2A4,0
78B13D4EA2,1
78B1E3B21E,0
78B556565E,0
78B9105B86,1
78DEFDB54A,0
790AD57F0D,0
7926FCF1C2,0
7952935327,1
79682158A0,0
797FAE07F4,0
79801D51FF,1
799DCF47E7,0
79ACC85EFB,1
79B3A0CC14,0
79B6D34E71,0
79C0BE9B1C,0
79D46181EA,0
79D93FA810,0
79DD04A1BD,0
79E2B493B6,0
79E8E0765F,0
79F5775C32,0
79F6D71124,0
7A036AC5FA,0
7A186C657A,0
7A44BD81BF,1
7A525E569D,0
7A69DA3103,0
7A80AF328D,0
7A894937D0,0
7A899BBEFA,0
7A8B4463A4,0
7A9810AC18,0
7A9A398914,0
7A9C9C69EB,0
7AAEB44330,0
7AC6F6CFBC,0
7ACC4B308A,0
7ACC52B671,0
7AE102F508,0
7AF8D88E27,0
7B07CBA620,0
7B09498D21,0
7B0A6DBC65,0
7B1205DD11,0
7B1C4E9065,0
7B1DB2DA76,0
7B305F6FE0,1
7B34548BFA,0
7B44C23218,0
7B4548AD93,0
7B464D43D0,0
7B58248F5E,0
7B5D30B7E7,0
7B5E8CD57A,0
7B80FC810B,0
7B81A116E6,0
7B82D41CE3,0
7B90B45FA5,0
7B9174C685,0
7BA1A5A84F,0
7BA20B1F2C,0
7BAF606C81,0
7BB044CE91,0
7BB49210FD,0
7BCA227D57,0
7BCEA15823,0
7BDFDD6290,0
7BE7410329,0
7BF15FF015,0
7BFD0A06FA,0
7C0039DE02,0
7C2655E5CC,0
7C2D367461,0
7C2FB1F81B,0
7C317C2A31,0
7C51CB4F7B,0
7C57A945B3,0
7C6B364551,0
7C6DDC4A56,0
7C85ECEAC6,0
7C86115BC0,0
7C8E29AE09,0
7C93DF60C9,0
7C991A07E1,0
7CB2935FDD,0
7CBD823159,0
7CCBD7863E,0
7CF35D8739,0
7CF51DD79C,0
7CFB2457A4,0
7D036C945F,0
7D0F5BFB86,0
7D1A1FF187,0
7D34271D4D,0
7D4245A20F,0
7D555F4B95,0
7D6543B7F0,0
7D6BE6F41E,0
7D72843551,0
7D77BFFD6B,0
7D9BB3EC02,0
7D9F559184,0
7D9F97FBC1,0
7DA396B3BE,0
7DAF772552,0
7DBAFF8B4B,0
7DC9956A42,0
7DCB654923,0
7DE29E64DA,0
7DE7C27E82,0
7DF67C4469,0
7DFFC4F7E4,0
7E0462929A,0
7E1A99E7BC,0
7E6C3E90C6,0
7E6D4304D2,0
7E6FDEA358,0
7E787DE224,0
7E846F566A,0
7E96C6ED97,0
7E9B310E14,0
7EA039CCD6,0
7ECA99DFC6,1
7ED2A56A91,0
7ED818ACF6,1
7EE81FE944,0
7EECAB8C1F,0
7EEDA2FAA6,0
7EFECF6E79,0
7F1E29C7B2,0
7F236F4341,1
7F2907ADC6,0
7F379E7E71,0
7F42F413CD,0
7F43EE1F78,0
7F491A3C8F,0
7F535EAC89,0
7F5E36C41A,0
7F63F04BA3,0
7F751B2F5E,0
7F7FF98638,0
7F8ABA0F6E,0
7F8F23D8B7,0
7FA9E46DF6,0
7FAB21BD9A,1
7FB6F1D089,0
7FBBC7CE9F,0
7FC58A2D03,0
7FCC4D9063,0
7FE7A29A0D,0
7FF24CF389,0
7FFDFA098C,0
800A98D099,0
800EB26DFB,1
801BB76DA5,0
803CB80372,0
803CBA8C6D,0
804009C883,0
8045FC325C,0
80473DD288,0
8066C2D6E1,0
808FAD0919,0
809908204D,0
80B694739F,1
80BBBB1939,0
80BE36B1DE,0
80D37A7BBF,0
80E175CE7E,0
80EF3BB7F7,0
80F06CB253,0
80F070E14E,0
80F36E4924,0
80FE2DB313,0
811592A681,0
81188F5E24,0
811FF70244,0
812DCE1C3C,0
813EF36CAF,0
815C9AFA65,0
815CC11AEE,0
815F83058B,0
81616B2D2D,0
817E271EC4,0
818A7BB8AC,1
8194DB6EBD,0
81A7B18097,0
81ACEE9EB7,0
81C90AA916,0
81DF1954A1,0
81F80DAEA5,0
821039AF0B,0
826C2B7F49,0
8287CA7C1A,0
82A10B6231,0
82B1F7633D,0
82C70FB171,0
82CEECD9C2,0
82D170CC43,0
82E5019734,0
82F6B4F589,0
82F832AF88,0
82FA0E00D2,0
82FDA5EAAF,0
83003C5B12,0
8311F6F4BB,0
83145FC04E,0
8320AA8490,0
832DCD582B,0
8334F804A1,0
8346DAACB4,0
834CD30FC3,0
83825F08F6,0
838F05CF32,0
839258D126,0
8394B40D34,0
83985D5C0D,0
8399990D5B,0
83BFB0CD9C,0
83CB58B87B,0
83D33A1275,0
83E4C22A93,0
83E6AADCE5,0
84044FE993,0
840AA3F741,0
84184B72BE,0
841D97473D,0
8430D84260,0
84356162CC,0
843840EED0,0
843EE5C461,1
8449021C63,0
845D15B788,0
8470DB1392,0
848E2B3BA9,0
848F185458,0
8496346B05,0
849EEA488E,0
84A5A0E0A3,0
84B62F7A79,0
84C976F2AF,0
84C9AA02FB,1
84EC1C817D,0
85235A3092,0
852FFD5DB3,0
853C1705F5,0
855389144C,0
85701F06B7,0
857057002C,0
8576EA82A5,0
858871B8BA,0
85910E07AD,0
85BB44E402,0
85BBE58420,0
85E0BFA2A7,0
85EAB23598,0
85F3F2C4F4,0
85F4F1FC26,0
861605ED2E,0
8623194BD4,0
8629600F4A,0
8633196A0B,0
863866AEA3,0
863C262BBC,0
864EB8A366,1
865584D311,0
8658D17B54,0
865F2F258E,0
8666B7D7DF,0
8668A5BF87,0
867D470243,0
868D287036,0
868FB466EE,0
869CE2C0B6,0
86A0ED9E5A,0
86A2A2BEEF,0
86A5D9AC27,0
86BAF9A6BC,1
86DA91E322,0
86DDCFF433,0
86E0EF2478,0
86EA47449F,0
86F8113EFF,0
86F891EAA9,0
86F975C873,0
86FA2043CD,0
8706402433,0
870D629248,0
870EBF0241,0
870F558F7C,0
8711E1D910,0
8717A941B8,0
8721F02537,0
8722D4D6B3,0
8724F8C559,0
87341B979D,0
873CCAA846,0
874DDEFB41,0
875060AD0D,0
8755A577B7,0
875EC34E8A,0
8782263F09,0
878C07D9D6,0
87BD2ECCA7,0
87C0D36C03,0
87C416372A,0
87D602CF35,0
87EADC673E,0
87FE6E0D06,0
8803BAA0AB,0
880CE35CB7,0
880EB8716C,1
8815035041,0
88267C6237,0
882C63021C,0
883434BD16,0
8850675456,0
885B7483B1,0
8865E06FED,0
886C73A88C,0
8875EEA2EB,0
88772A1435,0
8880DA0D71,0
8898282272,0
88D5A04441,0
88E147A483,0
88E8ACF00D,1
88E91FBC2B,0
88F31D754F,1
89231AE375,0
8928164106,0
8932A1802E,1
893D61D883,0
8963BD7CE7,0
8984748EFE,1
89A78EFCC1,0
89A93D49D4,0
89AF1B90AD,0
89BAB6CD4A,0
89BBDDCF19,0
89D8EFCF71,0
89DC4EE2AB,0
89E0F15727,0
89F40C0058,0
89F8811522,0
89FF6CA204,0
8A00EEBEF5,0
8A0D1FDE3A,0
8A0E2627F8,0
8A1ACBD1CD,0
8A28AC0619,0
8A28DCA7BB,0
8A2DBD475E,1
8A5AA05151,0
8A67578A53,1
8A6DA34754,0
8A8669D316,0
8A89CFE702,0
8A98552EC9,0
8AAD55ED3C,0
8AC3A4E236,0
8AD20C9D47,0
8AD8B31559,0
8AFBA8F32C,0
8B001BED71,0
8B22A393D8,0
8B294A3EA3,0
8B31AE279B,0
8B352F5900,0
8B41073BCA,0
8B4378239B,0
8B46A0C002,0
8B5BF2E1BB,0
8B7191143B,0
8B76021751,0
8B76645564,0
8B7D848ED7,0
8B819E21B8,0
8B8E392754,0
8B8E5D2CD6,0
8B9C402A15,0
8BAB1406C0,0
8BBAD82FC0,0
8BBE79F834,0
8BD16971C5,0
8BE83FE144,0
8BFB293B9A,0
8C01BCD9A9,0
8C03566B7F,0
8C19E9D48A,0
8C3583E207,0
8C374D3DAF,0
8C37E42BE4,1
8C4948CDD0,0
8C5582C303,0
8C73B69518,0
8C77B66A08,0
8C7E1DE3D4,0
8C80ABA292,0
8C80AF814B,0
8C99FC43D6,0
8C9AA03F33,0
8CA0BC876A,0
8CB1CB2622,0
8CB96A852C,0
8CBA574268,0
8CC3FE415F,0
8CC64FAB90,0
8CD1703014,1
8CD1C5B363,0
8CEFD14E01,0
8CF7F9F7EC,0
8D1B206009,0
8D21B59140,0
8D259AA52B,0
8D2A71C9C3,0
8D3E01C06C,0
8D476554AD,0
8D4822CD58,0
8D4BA738CB,0
8D755DECC9,0
8D7B77DE69,0
8D7F4A09EA,0
8D819B3E9B,1
8D8EE45C7D,0
8D954367AC,0
8D9D4B4A18,0
8DA54ABB06,0
8DB1080CAB,0
8DB5956206,0
8DCB9889CD,0
8DD518907C,0
8DD78A5F77,1
8DDB9C3167,0
8DDCA88645,0
8DDFD2F036,0
8E063E0250,0
8E15F96E0F,0
8E2035B8D0,0
8E274C0267,0
8E329F34C1,1
8E3370835D,0
8E400A71E0,0
8E43CCC230,0
8E5E31E510,0
8E6FF7A78E,0
8E815E1BA0,0
8EC2F473DD,0
8EC2F5851C,0
8ECB0E61FA,0
8EF08410B0,0
8EF17754C5,0
8EFDCA5466,0
8F05256CF9,0
8F0CAD8F77,1
8F0F6DEA59,0
8F23EC5C1C,1
8F32DF1213,0
8F3DD1DABB,0
8F4FA141E9,0
8F64FA6AE0,0
8F688D17DE,0
8F7FD1F07B,0
8F8163B60A,0
8F821F7615,0
8F88C5FD4F,0
8F891BFD8A,0
8F8C588F2D,0
8F8F308082,0
8F9376815A,0
8FA0BE760B,0
8FA4E6377A,0
8FC0D3975D,0
8FC4C332AB,0
8FF243E492,0
900FA32E37,0
90197DF5E1,0
902CDB9824,0
904123C2F0,0
9044284403,0
9054546B78,0
906286E448,0
90717E1090,0
9073A9605B,0
907B8983E3,1
909E7CE9B2,0
909F126EA0,0
90A1089565,0
90ACCE82B7,0
90B42A1B19,1
90D2E1CA8A,0
90DBAE2EEB,0
90EB8A2E34,0
90F7B5044B,0
90FB3211D3,0
911079AC31,0
911476293D,0
912BC121D7,0
9132D9F23C,0
9159CC9E26,0
91622C72D3,0
916337D59C,0
916BF66872,0
9172F85865,0
91923354FF,0
91A357751C,1
91A8A39608,0
91B57F071E,0
91B60F6450,0
91C113E1C0,0
91F8165069,0
92013F8ABF,0
9219F6D9FB,0
9225C6DF79,0
922DFDB1C1,0
923B91DCCD,0
9245D39BB7,0
92474BAE51,0
924C94789C,1
9253FD12A1,0
92648C47F5,0
92688A4F50,0
92695B611C,0
926F44DF10,0
9291098E48,0
9295EFE5CD,0
9299ECB09F,0
92B87552DE,0
92CC413D88,0
92D31E66BB,0
92D588D739,0
92DC3B7AFA,0
92E851F610,0
92F2D7ED6B,0
92F450D0FB,0
9310D20A1F,0
9322C3AF22,0
9332E2B635,0
9338B56D91,0
934E1B3DBF,0
9368BDBBCF,0
936D77C7C4,0
937B0E2A2B,0
9389B1CC4B,0
939F4B2582,0
93B72D5CAC,0
93BC7981DE,0
93C2A2358D,0
93CE035DF2,0
93D74F0EF8,0
93DDED4648,0
93EC3F2D50,0
93EDF43CC4,0
93EFAFD058,0
93F3165928,0
9400646970,0
9417B16876,0
941F5EADE1,0
941FD680A3,0
942618984D,0
944154D9FF,0
94504025ED,0
9455F5691D,0
9472D48D49,0
94794168EE,0
9479962B83,0
94821C2566,0
94A10C6D9E,0
94CF10C2EC,0
94D359FAAA,0
94DD317613,0
94E3AD8C51,0
94E47AFDB5,0
94ECF05635,0
94F4B1A939,0
94FAB2C8E8,0
94FC58225F,0
951082AD68,0
95154431F8,0
95313F83B1,0
95403AECC6,0
9543E561C7,0
954E7568EA,0
9551D85E37,0
9556772A91,0
955CCFFC52,0
95757F4629,0
9589A83390,0
958B08BF94,0
95A99A569B,0
95B7977B32,0
95D1711C2E,0
95DC311F6C,0
95FC444C63,0
960B433877,0
9613DA54A8,0
96147E9E6A,0
962936A005,0
9640028278,0
964A8F7AB0,0
9650956C68,0
965B69C58F,0
965C810F96,0
965E37AD24,0
9661D4C3AF,0
967D7B4C46,0
9686A9F657,0
968A295F4F,0
969A160C98,0
96B543F932,0
96E7A16DFD,0
9700621BA4,0
9720495FDC,0
974B10BCC1,0
974B97CA04,0
9763D3591F,0
976945E40D,0
9782484DE2,0
978BB99F58,0
9791506681,0
97CA00C42B,0
97CD9DF231,0
97F16F33EE,0
9812CD417B,0
9813E07C57,0
9818247C02,0
981B453B2A,0
983B43A6C7,0
983F289428,0
98452AFBAA,1
9852E77DBB,0
98531F5892,1
985746B61F,0
985F6BEF7F,0
98771C1529,0
9877A6DB6A,0
9878E27427,0
987B8A9AB5,0
987F3C59FE,0
98903E52C7,0
9899E9E06A,0
989E2835A1,0
98B1272C51,0
98B29AB333,0
98BFC83531,0
98C5723EE9,0
98CA7227A2,0
98F782815A,0
9901C817BC,0
99092B06A5,0
991850C1E1,0
991A7745A9,0
992D3B87AA,0
994461FAFF,0
994A86978E,0
99787CB4EA,0
9978F774F7,0
99860BB964,0
99A182BD43,0
99A7CDEA75,0
99A9B9181A,0
99ABC982A8,0
99B8085896,0
99CC43AD86,1
99EADE1FF0,1
9A0618E8E2,0
9A0AD0A1AD,1
9A0D5D9C45,0
9A10E2B0D7,0
9A11F87F67,1
9A1AD2532A,0
9A1D5D8185,0
9A1E46E2B1,0
9A221BEB76,0
9A48DE7A78,0
9A4C1E62EB,0
9A642431BC,0
9A66707E6A,0
9A68A77394,0
9A795554CC,0
9A7DD20D72,0
9A93061D2A,0
9AA1254E55,0
9AA2DC8329,0
9AFAE2C740,0
9B0DF7C333,0
9B100182F3,1
9B10C68923,0
9B1385244C,0
9B185478C5,0
9B1D22B775,0
9B2074822D,0
9B2B641F3B,0
9B3074FAF7,0
9B33CE82DB,0
9B5E8393D5,0
9B67872607,0
9B683FF395,0
9B6CAED1E0,0
9B7C346FBB,0
9B8D0AC185,0
9B8F4AE313,0
9BE9BCC502,0
9BF65EB31C,0
9BFB327A38,0
9C07238817,0
9C10968218,0
9C2F895096,0
9C34A44950,0
9C42CE2A39,0
9C4E0FFA5F,0
9C58F89E7A,0
9C775348E8,0
9C879B71F8,0
9C8F963284,0
9C98B0FD67,0
9CA4C93E52,0
9CA74B71EA,0
9CA776C65F,0
9CACA5B919,0
9CBED34936,0
9CBF205EE6,0
9CF3DABDE6,0
9CF47B4409,1
9CF5DD8B6D,0
9D08F63E61,0
9D1850FDD9,0
9D1B7A213A,0
9D29C44EF4,0
9D349B32D0,0
9D417C632D,0
9D4B9041AB,0
9D7817D083,1
9D8E7D1F02,0
9DA03F2BB0,0
9DB64805C3,0
9DC6463BF1,0
9DDAD1DA32,0
9DF3886E62,0
9DF82BCFB4,0
9E23AAC67F,0
9E42BAB863,0
9E5C0331A6,0
9E5DAC2830,0
9E5DB1746E,0
9E63AAA9AE,0
9E7600FBF8,0
9E805610F0,0
9E90CB59F5,0
9EA498157D,0
9EAB3732B0,0
9EB8F5D181,0
9EDA44C403,0
9EDC955185,0
9EDCA7D0C7,0
9EE3F4EA76,0
9EE5FF6FD4,0
9F01059AE4,0
9F08261AE1,0
9F10CA6823,0
9F18BB23E7,0
9F2BE7791B,0
9F4DC034E6,0
9F52F39699,0
9F539D76A3,0
9F566745E3,0
9F85CF345A,0
9F8B59F6A0,0
9F90CA2304,0
9F90CFA057,0
9F9965BF7F,0
9FA09C3B2F,0
9FB18A97E9,0
9FC6D3353D,0
9FC90723AE,0
9FCB35D7A8,0
9FF4A64E95,0
9FFE763126,0
A00310E58F,0
A01D169D5D,0
A024A40F89,0
A041991843,0
A0498EE116,0
A04EFE256B,1
A05BC7ABDD,0
A060985BEF,0
A062E3AD7B,1
A066DF632C,0
A06F64D86A,0
A078B16C7C,0
A0831FD3E6,0
A08E6C25DA,0
A0952875A2,0
A0BC9415B6,0
A0C270E03D,0
A0CAC2AEED,0
A0EDE86B47,1
A0EE33166F,0
A0F6473EFD,0
A10FADBFFD,0
A11AE9A967,0
A1380AC05C,0
A13E8B1707,1
A13ED7E32B,0
A142B46F19,0
A15E4186D5,0
A1690F5454,0
A16DF9E90B,0
A17A91176A,0
A185533890,0
A18C444080,0
A19227C7BA,0
A195379897,0
A19718E078,0
A1A553B74C,0
A1C35E5B9D,0
A1C5C5161C,0
A1C88B7C71,0
A1D442A36C,0
A1D89C97BA,0
A202694342,0
A206701888,0
A209AEF0E3,0
A216EE0585,0
A22354D573,0
A2281F450A,0
A23F3799BC,0
A24DF86A35,0
A266CEA09E,0
A2678475C1,0
A26F842D10,0
A278DA4190,0
A278DC94F7,0
A27E05BA2C,0
A27EFD13FE,0
A282C0B5CB,0
A28793059B,0
A2889F347E,0
A2904ED511,0
A29F2376DF,0
A2B17680C6,0
A2B9153194,0
A2DC4E93F5,0
A2DDD83820,0
A2DF7B2376,0
A2F4E58FC7,0
A311E34296,0
A31BDF9337,0
A31E238E04,0
A32D85AB8C,0
A32E807894,0
A33A268C08,0
A342944AD4,0
A34A2D624A,0
A34E42ABCF,0
A367CA4D82,0
A3684963DF,0
A368CA6535,0
A36C79A3CD,1
A370D16CBD,0
A375A4CA09,0
A375C46B39,0
A38D6E450B,0
A3A0EA61C2,0
A3A5683DD2,0
A3A9B75F00,0
A3C13DD257,0
A3C3C5CA16,0
A3CB818F6C,0
A3CD6AEFCA,0
A3D355DD64,0
A3D9D939F9,0
A3E060499B,0
A3E2A32DB9,0
A3F66C3858,0
A431F1D946,1
A43806CD12,1
A443E372AF,0
A45A8978C1,0
A46536CAB0,0
A494892637,0
A49D8D6E13,0
A4A2EABF79,0
A4B568B7D7,0
A4B808E607,0
A4C231C7ED,0
A4D28F807B,0
A4D5D0CAD3,0
A4DA879BD7,1
A4DC827670,0
A4E3EF38B4,0
A4FEC4BDA7,1
A507DC13AE,0
A5186692D9,0
A5209F126F,0
A52848C511,0
A53EF43BBA,0
A553E094FB,0
A55C46045D,0
A56A6D4623,0
A56E92BF34,0
A56F46D36A,0
A572CE1C0D,0
A5A89A2C5C,0
A5AEA93F0E,0
A5B61C0E91,0
A5BB2752E5,0
A5D9382CAB,0
A60E4C02FF,0
A61031D87F,0
A624962322,0
A638688684,0
A63A847264,0
A64D7AC1A6,0
A658DFA0D1,1
A6722A2C53,0
A674B4B512,0
A681174816,0
A68586C90E,0
A6A8772121,0
A6B693B361,0
A6B70F0E96,0
A6C007312F,0
A6DF9EF489,0
A6E29BED48,0
A6FBCDD3BF,1
A728081641,0
A74AC1F91F,0
A754AA5D1B,0
A763654AC6,0
A77255785D,0
A774349259,0
A77C7CA8EA,0
A77CECCB7B,0
A77EA7A01C,0
A7816C7DB1,0
A798603BB7,0
A79D5ABB27,1
A7A17B6132,0
A7A3026656,0
A7A7780CE5,0
A7ABED2C6A,0
A7B154945B,0
A7C9528A0D,0
A7CDD79E8B,0
A7E88BCADD,0
A7FF1FB143,0
A8085D9622,0
A81DA6D557,0
A82B91B530,0
A851225744,0
A8542C9FAA,0
A856573D16,0
A858663176,0
A85CC26036,0
A870839CAB,0
A878986E50,0
A8818F7EAF,0
A89A7421A8,0
A8A5C3D343,0
A8A6A8C2D6,1
A8AA496A79,0
A8ACD54A72,0
A8D9C83F8A,0
A8DB0CF97A,0
A8DB2030FE,0
A8FC4366CA,0
A9013151F9,0
A90382C2B1,0
A904BF04FC,0
A91B2591B5,0
A92E811EDB,0
A930D15E9D,0
A9331433D6,0
A93AA9E2E3,0
A93F5AF657,0
A94284302F,0
A946FA3CB2,0
A956677AF1,0
A957AF9C50,0
A96658D89C,0
A969BD45C3,0
A970B4C639,0
A9887C16F0,0
A992ED0908,0
A9A5C6B2CC,0
A9A823F808,0
A9B3009133,0
A9B48B026B,0
A9B9F9E2C6,0
A9C0635A4B,0
A9D4882170,0
A9D9D734BD,0
A9F0E2B1B7,0
AA102D6DB6,0
AA37225268,0
AA3ACA16F3,0
AA3B3CDE11,0
AA3C472F44,0
AA4A8033D6,0
AA50D44D54,0
AA5BE41B90,0
AA5FB8B370,0
AA7F1F2782,0
AA8850FB1D,0
AA8A73FC4E,0
AA95F6AB58,0
AA9EC0F0D5,0
AAA090BDEB,0
AAA74771D7,0
AAC730912B,0
AAE0728E07,0
AAF78D04C5,0
AAFF4633CC,0
AAFF92DCDF,0
AB06A28587,0
AB1ACCAD62,0
AB3B5EDF2C,0
AB3CF6B684,0
AB44E5FBEC,0
AB52EFE033,1
AB598FA75B,0
AB7A79752E,0
AB87529E41,0
AB890D0C00,0
AB935E6BCF,0
ABB7320380,0
ABC482DF00,0
ABD1280291,0
ABD30CA16F,0
ABD3A4124F,0
ABE546E0DB,0
ABE6F603B8,0
ABEB8AF9F4,0
ABEF3C7E85,0
AC00E27ED7,0
AC19017E1C,0
AC19B0F274,0
AC1F8AE65C,0
AC309256A1,0
AC32710B1D,0
AC33827F18,0
AC35C1B9E6,1
AC4272F049,0
AC49DB4B40,0
AC4DE7B210,0
AC4ED6BDD3,0
AC5345B461,0
AC5927CC33,0
AC5E83FF23,0
AC5EC93DAD,0
AC6B886AB0,0
AC71C24F2A,1
AC7FDA44E2,0
AC84411EB3,0
AC875AA2DA,0
AC8A25CA9F,0
AC8E39D462,0
AC91AAF29D,0
AC9D5E788E,0
ACAE4D9C54,0
ACCCA00F54,0
ACE0F7A3C0,0
AD011CA916,0
AD198A8A7F,0
AD2636A3B9,0
AD468BA097,0
AD539C3404,0
AD659D5DF7,0
AD72392D87,0
AD892747DE,0
AD97BFE87D,0
ADA5D9ECC6,0
ADB93FEAC0,0
ADC8DD98A6,0
ADD054E298,0
ADD11691E0,0
ADDF4C172A,0
ADEDEC502C,0
ADEE39CF0E,0
ADF179C3AB,0
ADF7389F0E,0
AE15C2EEE1,0
AE15E856E4,0
AE229A8A1F,0
AE2AD7BA5E,0
AE2E261BCC,1
AE46CD15CC,1
AE48C65749,0
AE4E0BD4A1,0
AE53EC80F3,0
AE59EFDA89,0
AE614C0103,0
AE68365CEC,0
AE68AE1923,0
AE6E027C9D,0
AE735AC7FD,1
AE7959F347,0
AE7CC2999B,0
AE880D16C1,0
AE8E89645B,0
AE94224FE4,0
AE98480FE6,0
AEA8B06575,0
AEA8DCAD2C,1
AEB0AA1A65,0
AEB156A271,0
AEB274E6DF,0
AECA1950B8,0
AEEB0B9F4A,0
AEEBF3AC80,0
AEFFF79F13,0
AF08228850,0
AF08506F2B,0
AF0A6DED99,0
AF0E1E31BD,0
AF0EF41750,0
AF177219A0,0
AF18EE11C7,0
AF302B23C4,0
AF3264A12B,0
AF4B1925E8,0
AF4C73BFC0,0
AF5B81DA0B,0
AF5EA587C8,0
AF73297617,0
AF8209D59B,0
AF871523D3,0
AF942900AA,0
AF9B6966A3,0
AFA95F475B,0
AFA9EC74AA,0
AFB8076957,0
AFBED46B8E,0
AFC7C763D2,0
AFCE1E2C20,0
AFD65FB35D,0
AFF330BC69,0
B00569B192,1
B00CAB8208,0
B0246B9C82,0
B02EDAD26B,0
B03A032CE7,0
B03A2CAD90,0
B03E5943EF,0
B040938254,0
B04C068404,0
B0550B4E94,0
B05D0BF461,0
B05F9BE1E7,0
B0797BB8F7,0
B0AA60026F,0
B0B32AEC74,0
B0CC38FE76,0
B0CE01865A,0
B0D1DD7CF2,0
B0DAE8CB77,0
B0ECD6C353,0
B0FE4FD513,1
B108732468,0
B10966881A,0
B10C49434C,0
B1152A3DA4,0
B124F43F6D,0
B125EDF3A2,0
B1273C857A,0
B13C6285B7,0
B14CD41990,0
B1511F597A,0
B159ECB2F1,0
B15FECEB19,0
B179E470F2,0
B1917591DC,0
B1949DE37C,0
B1ACD825FF,0
B1B85F3B5F,0
B1C223D00B,0
B1F0570E8F,0
B1FCA9C0B8,0
B1FE906E74,0
B20DED15E3,0
B2121A55B1,0
B236F53A39,0
B2402BA8E2,0
B241622308,0
B241A25EA2,0
B2522E59B6,0
B25E2AE1B7,1
B260259054,0
B26B928515,0
B27EAD6383,0
B29D2A6862,0
B2C1FF2EF6,0
B2CB27FF06,0
B2D1DB44B6,0
B2E3D53173,0
B2EE4C8673,0
B2FE31B26A,0
B30256D659,0
B313F4A92D,0
B31560F72B,0
B3164A7478,0
B32B298988,0
B32F68BB82,0
B33C069DA5,0
B3477EA3B4,1
B34CCFE392,1
B35AC826EA,0
B369D9B996,0
B36ED83D52,0
B376450557,0
B378EB5FF8,0
B37DC9D98E,0
B38B3F13BB,0
B38C6D3E89,0
B3908B06A6,0
B3969F7CD3,0
B3998571AE,1
B39A60CD78,0
B3A1915C1C,0
B3AB7BDC3C,0
B3C2F21D26,0
B3C6EF3A50,0
B3D5A004B8,0
B3D5F95A81,0
B3FAD196F3,0
B408F2BFD6,0
B40B21DABE,0
B40E96E9F0,0
B41571E3A7,0
B415A24AB2,0
B418BEAF6F,0
B420C9FD66,0
B42D5C772D,0
B42F15BE67,0
B444AC6CDA,0
B444D35120,0
B44B268D96,0
B455F93B1D,0
B4681EA36A,0
B4757D8AE3,0
B47F68386F,0
B4A01DCC06,0
B4B1F85FB8,0
B4D2477272,0
B4DC3AD4CB,0
B4ED662D1E,0
B4F263580B,0
B4F68F7802,0
B51BD58650,0
B51CC40F0B,0
B52100F522,0
B525E38DDD,1
B55ABA0CBC,0
B55ADE1388,0
B569470A00,0
B56A082EE6,0
B57B1557A8,0
B5842494A0,0
B59686531E,0
B596F6BB3E,0
B59E31D68B,0
B5ACBFCF5C,0
B5B8146735,0
B5D6CBA554,0
B5D9038F53,0
B5DAA076E9,0
B5DAD5717B,0
B5E1F9CB86,0
B603669505,0
B617B6C27E,0
B61B9B6246,0
B622B31E11,0
B6244AD4FA,0
B62FD32050,0
B632D49D4C,0
B63618F130,0
B63625934A,0
B63F67DF25,0
B642F50370,0
B6457E181D,0
B6570B3AFC,0
B6671EB558,0
B67D154639,0
B6834ADBA9,0
B6890008DC,0
B68E3D36F8,1
B69CC8C58F,0
B69E970A6A,0
B6AC36721A,1
B6CA8862D1,0
B6D0F7DB0B,0
B6D49E6018,0
B6D8C58B54,0
B6E9E68177,0
B6ECB1647D,0
B707A20B2A,0
B70A4041A5,0
B715D66224,0
B71CD78861,0
B71E0558F9,0
B72A724966,1
B72C9A7E23,0
B742B69F4F,0
B758675F8B,0
B75B6CF8A2,0
B75E2FF491,0
B7617E0DEC,0
B79CDE24CA,0
B79F305A37,1
B7B39D8FE3,0
B7CC56DB0E,0
B7DC4E8F50,0
B7E0E5413A,0
B7F6A39475,0
B806340559,0
B80E6791B1,0
B813DF82FB,1
B81A8BCDAB,0
B81DF52C2E,0
B825F7A693,0
B83875960F,0
B83BAF445F,0
B840AC7368,0
B844D66109,0
B850B9B84E,0
B851F489E6,0
B85EBBCA17,0
B8670A8B3C,1
B8696E55E6,0
B86ABDCD2E,0
B86E7F261F,0
B879421A88,0
B87DDE1F34,1
B87E2DB376,0
B885BC6BDD,0
B889F8C35C,0
B8A6F72D33,0
B8AF5B57B0,0
B8CE483A45,0
B8D4A583F0,0
B8D6F99330,0
B8DEA9509F,0
B8E031AB53,0
B8E8D8305F,0
B910B3FF20,0
B92C269938,0
B947122904,0
B947ACB698,0
B9523DD81B,1
B959F47E24,0
B96B941F34,0
B97850B302,0
B97859A8A8,0
B987959584,0
B994CF865A,0
B9A59837AB,1
B9A5BED5F3,0
B9AB425723,0
B9BEB5936F,0
B9C1DADFC6,0
B9C601BDD1,0
B9CEB47448,0
B9CED0AF20,0
B9D721E61F,0
B9DF8A9242,0
B9E61E1AF0,0
B9ED3B5A1A,0
B9F5103110,0
BA07697399,0
BA1A0E9087,0
BA1E9EE2CF,0
BA1F9F9345,0
BA2B1813BD,0
BA31C819BD,0
BA364D6768,0
BA4980C9FB,0
BA4F7C3027,0
BA568F8543,0
BA61664A9F,0
BA636D75DF,0
BA6BBF86EC,0
BA6E38D010,0
BA72C15423,0
BA842AAD21,0
BA8F7A71E6,0
BA930741CE,0
BAA106C75E,0
BAA2BC3F40,0
BAA9EE908E,0
BAB1E21F72,0
BAB30AC65E,0
BAB6AB536F,0
BAEA5D683E,0
BAEF69AE45,0
BAF38F578D,0
BAF4DE8CD4,0
BB1B7D49B0,0
BB1C6F66E1,1
BB29669217,0
BB3AC93664,0
BB3FA24E38,0
BB4495D232,0
BB4704000A,0
BB57E1E39A,0
BB5D3DE7BF,0
BB6503DF70,0
BB72375DF7,0
BB860A580D,0
BB8A7A79EE,0
BB8DE831FB,0
BB8F4CB558,0
BBA2288648,0
BBB80E6B20,0
BBBC26F065,0
BBBE6BFCB2,0
BBD8F8B43D,0
BBF88F6EC9,0
BBFD70E8AC,0
BBFFA66D50,0
BC063A8C90,0
BC1BFAC5BB,0
BC35EEAB5A,1
BC54C2B85A,0
BC626E5757,0
BC62C4E1C4,0
BC6C784C9E,0
BC7B665E34,0
BC7FC676D9,0
BC845A302E,0
BC9C478826,0
BCA94D1F0B,0
BCAB96C23A,0
BCB99C8406,0
BCDB8DA19F,0
BCDD1063A6,0
BCE20F462F,0
BCE92A2399,0
BCEB1D03E1,1
BCFEF112ED,0
BD0965BF57,0
BD11A80B1E,0
BD29DA37B0,0
BD2E54758B,0
BD3D1E9872,0
BD5D71D698,0
BD81951E06,0
BD897BE004,0
BD8F29E718,0
BDA1E5D8D9,0
BDBFF06D63,0
BDCE7473A7,0
BDD0DC036C,0
BDD7E25468,0
BDDBD64550,0
BDDBE53E4A,0
BE05E94639,0
BE0A66DDA4,0
BE1384CA2F,0
BE165C93D9,0
BE1D0F7992,0
BE1F2D8FF9,0
BE286EA7D2,0
BE3C1D8086,0
BE3DA187CB,1
BE519B77D0,0
BE6F186A66,0
BE7D94AF09,0
BE8B1DCC02,0
BE8C856096,1
BE90D09656,0
BE96353A00,0
BE9B744D31,0
BEB5EC2B3A,0
BEC6CA94A2,0
BEEE125562,0
BEEFCAF2CA,0
BF1D875108,0
BF404AA362,0
BF589DACE4,0
BF671F3689,0
BF6E31206B,0
BF7EC871AA,0
BF7FD8EE97,0
BF955B03D5,0
BF9BB065D5,0
BF9D4CB6ED,0
BFA335CC9A,0
BFA64B4C67,0
BFCD6390E0,0
BFE1ED7391,0
BFE2DF4AC7,0
BFED07E248,0
BFF492857A,0
BFF8DEC57C,0
BFFADCE6B4,0
C00D89A635,0
C0199A3142,0
C01DF80E5E,0
C03674E07E,0
C03757B6FB,0
C040DB07D5,0
C0493BB8AD,0
C051DED9D5,1
C05D62E6AA,0
C06434CD86,0
C06EA1B960,0
C071DF012B,1
C0874F0222,0
C08E0E0CDB,0
C08F2A0901,0
C09042A8DF,0
C09DE07275,0
C09FA04143,0
C0AFA0B290,0
C0C2575181,0
C0D49246B3,0
C0D5C5DF1A,0
C0D85B424D,0
C0DCD65595,0
C10C1F69EB,0
C11534BA6C,0
C12EBC4C9C,0
C14BD59AF5,0
C183F25F9F,0
C187570D29,0
C18B875D8F,0
C1942A2B74,0
C1993A29EE,0
C1B05CE43C,0
C1BAE46A36,0
C1C411C30F,0
C1EC5CA658,0
C1F0FE5102,0
C1FD2169BB,0
C1FEFB2703,0
C20A019899,0
C222378B96,0
C248DBC6AB,0
C25043E5F2,1
C2745FF033,0
C27FB8FA8A,0
C2805F25EC,0
C29238EBBD,0
C299DF4EBF,0
C29A261B97,0
C29C17CC4C,0
C2B2A7D9E0,0
C2BB055191,0
C2CCFD340D,0
C2D27E80AD,0
C2D94DB671,0
C2E8D942FC,0
C2F6575B27,0
C331C4F477,0
C34036E5FC,0
C341693484,0
C35FCC78C1,0
C3667E4E2E,1
C3845C3737,0
C39FD3268D,0
C3A0C09555,0
C3B4BB0EA3,0
C3BE3A13AE,0
C3C0FDE1E6,0
C3C4285FF1,0
C3DD34AB66,0
C3EA205E28,0
C3EBCCF26B,0
C40333DE39,0
C42847BFFE,0
C43B891EA1,0
C44626AEB9,1
C44B41D1C9,0
C44E87DB21,0
C44E88BF50,0
C457ECFF23,0
C473CEA08E,0
C4743D71EE,0
C4826E7008,0
C491FE0821,0
C49942A65A,0
C4C4F6F2E6,0
C4D8A0B94F,0
C4E9DC12AA,0
C4EA5D56FF,0
C4EC220EBC,0
C4F2A1A823,0
C50DFBE4F8,0
C5102EF867,0
C51FC81283,0
C527E17D47,0
C5289AA980,0
C5330D3498,0
C56A09E973,0
C56B7CB04B,0
C570833F5A,0
C57514E620,0
C5776C2978,0
C5A44143EF,0
C5AAFF44A7,0
C5BC418729,0
C5C5B421EE,0
C5C64F2F9A,0
C5C91EEB42,0
C5D446DB2D,0
C5D478A124,1
C5DEBAB2CB,0
C5E1D5AD3A,0
C5F1777101,0
C623B0D0B8,0
C632298E09,0
C63D16B902,0
C64184DE73,0
C64741A26E,0
C64B5ECF60,0
C651B1F2BB,0
C653C37FA6,0
C668419CB0,0
C66DDC9EA6,0
C675B7E90A,0
C67651BEDD,0
C69237027E,0
C69D035CE5,0
C6A5C8F52E,0
C6B1B136B9,0
C6B5DAA37F,0
C6CF23F72F,0
C6F039C0E4,0
C6F96D8D74,0
C70FFD86E1,0
C713EF397E,0
C717C5F0FF,0
C7199A41E8,0
C741DEE9D6,0
C7474DF79B,0
C752D0CB5F,0
C75431FD34,1
C7696BE33C,0
C789BA0DFB,0
C78B8EC785,0
C7A0E5118A,0
C7C229F069,0
C7CCF0AC50,0
C7E1EFDF4D,0
C7E4DA1C08,0
C800DADC1E,0
C80971BA42,0
C81CC38304,0
C8328DB68A,0
C83A879FC5,0
C83AF022CE,0
C83F4E088B,0
C84E2ABE76,0
C859F4B258,0
C85F942CE3,0
C8692B9C56,1
C86FFB4B94,0
C89DDD843E,1
C8A18437A0,0
C8A6BA793C,0
C8A6D3E955,0
C8BFBF67B1,0
C8D928B083,0
C8D9E20256,0
C8EA5F856F,0
C8EACE87FC,0
C8EE5CC451,0
C8F46C357F,0
C90762319B,0
C90E1BC7C8,0
C920594E13,0
C9310B869C,0
C93246622E,0
C93A8BD4CB,0
C94369A515,0
C94E6A5736,0
C953D3333D,0
C95F2C3646,0
C971567548,0
C97185DCC8,0
C97617AF18,0
C978F0FF4D,0
C97F4A2179,0
C98080CFD5,0
C98DEE7251,0
C993AF2437,0
C9B8791800,0
C9BB3E6318,0
C9CC15B14D,0
C9D3CF71D4,0
C9D54C39FB,0
C9D5BADB73,0
C9E2B9D6B5,0
C9E60BB834,0
C9F2FAD0E5,0
C9FE2EB8BD,0
CA0FE30215,0
CA21323AB8,0
CA2BCBE958,0
CA44ACF743,0
CA4F2157C7,0
CA5CD56182,0
CA623DDBC3,0
CA6F3D8917,0
CA814B2975,0
CA862139C4,0
CA982F88B7,0
CAAE3F9625,0
CAB5E3EDCF,0
CAC1BA4134,0
CAC2C73AE8,0
CACF53B6E9,0
CAD0083B9B,0
CAD68C6C2E,0
CAD9B0E7FE,0
CAE23FBE6C,0
CAF02318F0,0
CAFD5E8DB3,0
CAFFD98E57,0
CB0FC2F283,0
CB23A28375,0
CB3FD6091F,0
CB4F73014C,0
CB578A5344,0
CB5C759DEA,0
CB6B19371E,0
CBA36FB74F,0
CBAA372F8E,0
CBAB440449,0
CBB8D88203,0
CBB978E786,0
CBD5B6FBD6,0
CBF0BD4DE0,0
CBFB9665C6,0
CC19C2C3DE,1
CC299DB197,1
CC2A67F75B,0
CC3D934F11,1
CC44557B65,0
CC54721F99,0
CC59032880,0
CC5DCD47DB,0
CC65B3334B,0
CC6EE817BE,0
CC74A217CA,0
CC8F6B1D00,0
CC95C92691,0
CCA009FC87,0
CCA4232785,0
CCA5D7D621,0
CCB25F87C8,1
CD0C63A8A7,1
CD1B5E32B5,0
CD1FC41F81,1
CD202D0874,0
CD2768A91D,0
CD31EA139A,0
CD3F7CF7BA,0
CD569D9629,0
CD78278BAC,0
CD97F9E537,0
CDAB22960E,0
CDB1420F48,0
CDB2C5D78C,0
CDB41BEABE,0
CDBBA88CAB,0
CDBE53ADE9,0
CDD6CBE101,0
CDD6EF51B1,0
CDE5B829BE,1
CDE866C6E8,0
CDEF5DDEF3,0
CE00319F4A,0
CE0805B2C4,0
CE09CD6FD2,0
CE12044AE7,0
CE2C1B3A17,0
CE589BA48F,0
CE5E2BA5EC,0
CE7156AC05,0
CE75F44645,0
CE766D2BEE,0
CE7855A0C5,0
CE81521CF0,0
CE8867A847,1
CEB4893F6F,0
CEC492F743,0
CED599B272,0
CED5AB33C0,0
CED8DA859A,0
CEE24AB499,1
CEEDB00D2F,0
CF05764DFA,0
CF0A7DAE44,0
CF259681DD,0
CF2761DAD5,0
CF32E2E6DA,0
CF39917B9D,0
CF3A0A0291,0
CF41F93ADA,0
CF5A92CEAA,0
CF5B71E80A,1
CF670C1B16,0
CF972399A7,0
CF998D19EA,0
CF9D229956,0
CFA8A98B06,1
CFAE6F15C4,0
CFB0DA227E,0
CFBA5535D6,0
D00ABBACB4,0
D0248DDB00,0
D0299963E1,0
D034949ACB,0
D0351B5EEF,0
D03F9C5076,0
D04053A28A,0
D0407F2D92,0
D062014545,0
D08AC2B066,0
D08D1FE42D,0
D096517CC2,1
D09EA1516B,0
D0A7E87CA9,0
D0C05DF8AE,0
D0C29656C6,0
D0CF059AD8,1
D0D20CC05A,0
D0D4C3087D,0
D0DFAAA84B,0
D0F294933D,0
D0F4B0479A,0
D0F8FFC259,0
D1131383A4,0
D124C82062,0
D12F9ACEB7,0
D1337BD4C7,0
D15FB32705,0
D1627CB7C2,0
D165995402,0
D16CA0C7DD,0
D16CCC6149,0
D17C40A2B8,0
D1B845930E,0
D1D710113B,0
D1D73FC0C7,0
D1DAC510B3,0
D1F9290DE9,0
D207815C1C,0
D2163596C4,0
D221856848,0
D230A98C12,0
D23C91F182,0
D248FB1F18,0
D24AA2A29E,0
D24EAD4AED,0
D27CB5C4B1,0
D289B0313A,0
D292DE2D62,0
D2A953FB11,0
D2B310CDC0,1
D2CBD9707D,0
D2CD84C691,0
D2F6D3E8F5,0
D2F891B8DE,0
D313E1564B,0
D31B6516BC,0
D3397FDA9A,1
D345686E60,0
D36148F28E,0
D361B8B91F,1
D36898646E,0
D36BCC53C2,0
D370129898,0
D3ACCE40FB,0
D3AF5D379E,0
D3C7468DCC,0
D3CC166ADA,0
D3E5261C95,0
D3F46937D1,0
D40175C772,0
D40EFD298E,0
D41659D06D,0
D426EED148,0
D44418638E,0
D4461E9163,0
D4552221AB,0
D455E0DCBD,0
D46AD5170B,0
D46D7DC044,0
D471DAF1DE,0
D483775518,0
D4866133EF,0
D49DD5C360,1
D4AFFE3B31,1
D4B069BC99,0
D4C24DA3FA,0
D4F968EE14,0
D5084E4E0D,0
D516AC9B78,0
D52E3EFCA6,0
D548CB04AD,0
D555025076,1
D5597CBE9D,0
D561DFB403,0
D5BA5E3A0C,0
D5DB4F6B1B,0
D5F0D51B33,0
D5F2ECAAEB,0
D5FA569E54,0
D60326F55F,0
D60C7635BD,0
D60E0802EE,0
D60EAB0013,0
D6160FAA0D,0
D628B3B370,0
D628F4F8F5,0
D62ADF6E45,0
D6330D28E6,0
D636CFB338,0
D639B124EE,0
D63E0714C8,0
D650B94CFF,0
D655BFFEAD,0
D66179FFCE,0
D66CC3086B,0
D66E126092,0
D6719B551A,0
D6793FAA68,0
D683194D11,0
D68BC868EF,0
D691CC7AC2,0
D699A99889,0
D69FF00B36,0
D6A0EDF6EB,0
D6A3873820,0
D6D7FF326F,0
D6D801E8AD,0
D6E2E6863B,0
D6E3EDB806,0
D6F1C9CCC1,0
D6FFFB9B66,0
D74E99DA09,0
D753CAAF27,0
D765AC9080,0
D77584C696,0
D7789014B2,0
D79DF844D3,0
D7A1E074A8,0
D7ADC5B14E,0
D7B8F503C5,0
D7C899968E,0
D7D1448F1B,0
D7E25B846D,0
D7EE53CB3C,0
D80777863D,0
D826AA256F,0
D82A583FB3,0
D834208A3C,0
D847BDE52E,0
D849E886EC,0
D84B6903E7,0
D87BCC2356,0
D8888D08BD,1
D88F1B1CCD,0
D89532B312,0
D89F1FD83B,0
D8AD3C2432,0
D8AEBAFD57,0
D8B501C9B0,0
D8C980DD5F,0
D8F11F97E8,0
D8F18A149E,0
D8F52988B6,0
D9019AD8EE,0
D91024B182,0
D913294698,0
D919940CF1,0
D92E69386B,0
D92FF4A5D1,0
D946888DEB,1
D95125009B,0
D951ECB43D,0
D95B22AD48,0
D96A5A2106,0
D97C3A9B10,0
D9809965E6,0
D9A791D8BB,0
D9AEE0BB5F,0
D9AF4E64ED,0
D9BB8C13BE,0
D9C2DD223B,0
D9C907D8C5,0
D9E9F6F863,0
D9F4E9AB3E,0
D9F77BAB7A,0
D9FD0ECB8E,0
DA09C6DA3A,0
DA4374BC44,0
DA481252C2,0
DA6F7114BE,0
DA714B27D6,0
DA9023186F,0
DA9943E85F,0
DAA9013E3C,0
DAA9BF89F1,0
DAAA1258CD,1
DAB75D57C9,0
DAC079D47B,0
DAD0B996FD,0
DADB72E4CC,0
DAEED7C9EF,0
DAF38CE422,0
DAF5A2199C,1
DB13BDAD40,0
DB1D753F08,0
DB268463D0,0
DB368B2C30,0
DB36F9A1D0,0
DB5890F9F2,0
DB5C69ECEF,0
DB68443630,0
DB72AEEECB,0
DB773AA0E5,0
DB8E226582,0
DBA5062EDF,0
DBA867263B,0
DBAA911731,0
DBBA4E1D1D,0
DBBAC2C56C,0
DBC6F3E83B,0
DBD00BD18F,0
DBD9323337,0
DBDBE003AC,0
DBE2F178D9,0
DBE39BA9C1,0
DBECCB0A30,0
DBEFE578F0,0
DBF0D5EF68,0
DBF4A27F74,0
DC00CEBF60,0
DC024F09F1,0
DC24191ADA,0
DC2DB1508D,0
DC348080B5,0
DC3FED663F,0
DC400EA7E1,0
DC43397D81,0
DC54BA1886,1
DC55F42B3F,0
DC601B11C8,0
DC868A1943,0
DCA0592F89,0
DCA3C96579,0
DCAC664839,0
DCB28A8A96,0
DCD7093D48,0
DCEA3A8E27,0
DCF7159E13,0
DD05A1C2C5,0
DD086828A2,0
DD1FFC6C2B,0
DD22D502F4,0
DD307D9E06,0
DD3BB4D2D3,0
DD58214A4E,0
DD599B8DFD,0
DD7725FE99,0
DD7ECFE8AA,0
DD81123095,0
DD87D55464,0
DD9525E9B8,0
DDA05187E9,0
DDA190F1B8,0
DDC6F87259,0
DDCD483706,0
DDE6A7D1EB,1
DDECBACAAD,0
DDFD0E0642,0
DE02945E22,0
DE15690934,0
DE195374FA,0
DE1B92A619,0
DE391A6DEA,0
DE39D47595,0
DE451D5034,0
DE563112BE,0
DE73D5A88E,0
DE74612FD3,0
DE8235AE29,0
DE8D7CC225,0
DEA758C44A,0
DEB69AB371,0
DECFF19B5A,0
DEE1B267CA,0
DEF516F906,1
DEF98A8E4A,0
DF0A6951E2,0
DF220FFE0A,0
DF2D9EF07F,0
DF2EA980C6,1
DF387327CE,0
DF5F6237A1,0
DF65874D04,0
DF761F29A4,0
DF993F3C50,0
DFCD9B7221,0
DFCEA71C60,0
DFD9DDC8A4,0
DFEF5B0C68,0
DFF2510026,0
DFF7737B99,0
E005649D5E,0
E01B5DDCF8,1
E0426D3872,0
E055C45B7C,0
E05D55B943,0
E05E344CB5,0
E060300E1D,0
E06F4E191F,0
E07671C567,0
E08EEC4174,0
E093F5D5AF,0
E0A417793F,0
E0A41CDB80,0
E0CC58E718,0
E0CF267EBC,0
E0E1B0C790,0
E0F9EF8A24,0
E10000376B,0
E101299D4B,0
E10F2C1ECA,0
E10FF297F2,0
E11A8798BD,0
E11EC5E992,0
E12860BB0A,0
E1351EA2EA,0
E15A233FA6,0
E1680138AF,0
E17AB9F779,0
E180FAA15C,0
E186C8A0BE,0
E18CA94F6F,0
E19885DADB,0
E1A1CD2117,0
E1BA5E0676,0
E1BF85139C,0
E1EFCEE5C2,1
E205FFE593,0
E20D9FA82D,0
E231481BD0,0
E23207ED54,0
E23842F1F0,0
E23E1A7ADD,0
E249EECD04,0
E24E1F72EA,0
E255B42DD8,0
E26129BAFE,0
E27D6BC701,0
E27E736E53,0
E2853DC229,1
E2A9D06341,0
E2AC59FCB2,0
E2ADE3683E,0
E2B2E673C1,0
E2BE1B3F98,0
E2C3DF025F,0
E2CA7CBBD6,0
E2DBA87F9B,0
E2E7AAE708,1
E2E82DEE78,0
E2EE7BADE9,0
E2F5420C21,0
E2F5BC2255,0
E31CEA3C21,0
E32A060BE9,0
E3382842EC,0
E348493C23,0
E3491C039C,0
E354F0CED2,0
E3670FE6D8,0
E36DC5308B,0
E3711D2B57,0
E3831A4F9A,0
E391AD1949,1
E392A67E89,0
E396EC3E3A,0
E398BEDA4E,1
E39B0551D4,0
E39DCB2DC9,0
E3B21D3635,0
E3B46C1000,0
E3C1852462,0
E3C40B6001,0
E3CA59FC07,0
E3E2133398,0
E3EA8ACD6D,0
E3ECBDA08E,0
E3F9E9A304,0
E3FF9DF4F1,1
E41910808E,0
E41D1B92FE,0
E41DDAFCB7,0
E440E8930C,0
E451E6A964,0
E4863C07C9,0
E4910258BD,1
E4A2C3D4D2,0
E4AFF1E91B,0
E4C7B9BE4F,0
E4D14B855F,0
E4E158F4CB,0
E4EBE4CB3A,0
E4EDB9193C,0
E5298D36DB,0
E533A69238,0
E53A38A0E9,0
E54637290B,0
E5478752EF,0
E553366637,0
E562F525DC,0
E56C1F7F3A,0
E56FD64E70,0
E57FEFC332,0
E588580105,0
E58BE599D9,0
E5919124C7,0
E5B7DDA3CE,0
E5C332C540,0
E5CB15C266,0
E5CDB9B859,0
E5D6BD3A02,0
E5D733A3DC,0
E5DE228B7E,0
E5E505B35C,0
E5E8804CA1,0
E5EC41B5EA,1
E5F6CD1AC0,0
E5F8FA057B,1
E5FD63CE40,0
E604330455,0
E605CB3AAA,0
E609F81E8A,0
E6101A751A,0
E61B8749AA,0
E61E8D4F04,0
E637337052,0
E63A73CED8,0
E640AA64B6,0
E652B5EB33,0
E657B93952,0
E65F5278E1,0
E665AB219F,0
E67457795F,0
E6890101D7,0
E69B2A006C,0
E69D1D4FB0,0
E6A9A39BE3,0
E6CB7F524F,0
E6CC4E49EF,0
E6CF99614C,0
E6DC8BF508,0
E6ED5124FD,0
E6EDC96EB0,0
E6F5AE8332,0
E6F6755F22,0
E6FC4E9A32,0
E705C775D3,0
E710D21593,0
E717B6B3FB,0
E7359AFCBE,0
E7397567E5,0
E73DCEDFEC,0
E740E386E9,0
E74AC489B7,0
E75130D5B6,0
E775D747B2,0
E783889B7D,0
E79DE9B19B,0
E7A58BC38D,0
E7ABACB369,0
E7CF0E0898,0
E7D377B01D,0
E7DB9234A2,0
E7DFFD3251,0
E7FBA53C3B,1
E7FDEAD589,0
E82AA0A33C,0
E842ECB801,0
E8478F691A,0
E85E04F578,0
E87A74B486,0
E8A749779D,0
E8AFC4E626,0
E8B0C27497,0
E8B1A6F01A,0
E8B44EB80E,0
E8C4C4227B,0
E8D7C315D4,0
E8DC84B164,0
E8E12752CB,0
E8F6795125,0
E91155B05D,0
E9265A27A5,0
E92D9895C6,0
E9300CB8CC,0
E97F3553F0,0
E9982B6745,0
E99A0819A8,0
E9AB4DA3A0,0
E9AF6EC752,0
E9DCB28FF8,0
E9E417B611,0
E9F9AF8D1B,0
E9FFC9FCD7,0
EA00BF2EF8,0
EA083188CF,0
EA0DAE0CF4,0
EA1C9FF45B,0
EA1F07E19C,0
EA3C57118D,0
EA4C48857F,0
EA7E4FCA15,0
EA88D515DC,1
EA8AD62A61,0
EA96FA7755,0
EA9A46FD60,1
EAEF9B885B,0
EB4E8F4B5D,0
EB4ED62584,0
EB5E99CE1E,0
EB5F04E7B8,0
EB6470A70D,0
EB684A2C24,0
EB7EBB9CE2,0
EB7FB59C87,0
EB912D8B18,0
EB9DA8F344,0
EBA9127FC7,0
EBA993DE6A,0
EBB11152FB,0
EBB2EE5C10,0
EBB8BF5E12,0
EBBA76461D,0
EBCBC36543,1
EBD8B72F6F,0
EBDD73D8FE,0
EBE63BD961,0
EBF5C1D43C,0
EC04FED60F,0
EC249C16DE,0
EC498364A3,0
EC4E830528,0
EC576C3F92,0
EC6F74C45E,0
EC7361BDFB,0
EC73E37DBB,0
EC7D7023EC,0
EC9ED7F74E,0
ECAA8EBE73,0
ECAF3597FE,0
ECBB1D9B97,0
ECBE67636C,0
ECD835A0CA,0
ECE501A24B,1
ECE7C8D1ED,0
ECE86FFA01,0
ECFEAE7B5F,0
ED220543EA,0
ED26CA8429,0
ED39DC680D,0
ED4FE8C74E,0
ED73E9078B,0
ED9C24907E,0
EDA8F9E859,0
EDA91DF2A6,0
EDAD86A419,0
EDBDF07922,0
EDC1A65A29,0
EDD4EA6642,0
EDE4C2C4EE,1
EDF3665756,0
EDF4A17020,0
EDFCFC3C54,0
EE006971B6,0
EE1B9BEA8F,0
EE2636829F,0
EE46F97107,0
EE49E1345C,0
EE5535870C,0
EE5E525172,0
EE5F89B1BE,1
EE622B7D76,0
EE6332E6A8,1
EE649018BA,0
EE64F25659,0
EE7638F7F5,0
EE9EE92575,0
EEAFC71497,0
EEBD42DCD2,0
EED259945F,0
EED87C52CF,0
EEDE5EA7CA,0
EEE63F7CEC,0
EEE76127BE,0
EEF358EC20,0
EEF902BCFE,0
EF1E5210AD,0
EF1F3585C4,0
EF2DBEA776,0
EF33F112EB,0
EF356872F0,0
EF46BC2ED4,0
EF4980D84D,0
EF62E5ADBB,0
EF6EC23777,0
EF70E9ACE9,0
EF7D029288,0
EF7D5EC0C9,0
EF8120BE22,0
EF84E0E6EB,0
EF90167545,0
EF9F12097D,0
EFA99EE727,0
EFAF230D5B,0
EFB54BEF82,1
EFB692948F,0
EFBFF0FB5E,0
EFC75E69F9,0
EFCAF32353,0
EFEBA17C21,0
EFF2DC0B91,0
F01192AC03,0
F0209B4775,0
F025FF1889,1
F03DF20469,0
F04DD6F11C,0
F0767C4599,0
F07CD01B28,0
F08523C999,0
F0878B0B08,0
F090BDC97F,0
F0A680C5A3,0
F0AA234E5E,0
F0C1C8A5B8,1
F0C31F2F5A,0
F0CF597B76,0
F0D4019E13,0
F0D6D7DED5,0
F0DFBB89DC,0
F0ED965249,1
F1101B1304,1
F1271266B4,0
F12B1DD9CF,0
F136DD21B5,0
F13E1AC46C,0
F14961BD47,0
F1585EE664,0
F177C7D021,0
F1821302DE,0
F1851B06D0,0
F19A4F3795,0
F1AC4B9E3D,0
F1AFACEA17,0
F1BC2DC549,0
F1C70A1216,0
F1CC50A00A,0
F1D2CF334D,0
F1F91FD4CA,0
F1FA392872,0
F2034E88F7,1
F20B16E16E,0
F20C868EDC,0
F20D805BC2,0
F21476FC54,0
F2176F40CC,0
F22AC823E4,0
F23A8A3401,0
F25CFB6D5C,0
F273F57958,0
F284FA2917,0
F29FDD43AF,0
F2A625EED7,0
F2B2746C69,0
F2D4B2FFB6,0
F2D68D0A03,0
F2FADAC49D,0
F2FB18D889,0
F311669EF9,0
F314065F05,0
F3245A4EFA,0
F33454F7AB,0
F33A3D23FB,0
F344291F3C,0
F349BBD0B6,0
F350A0447F,0
F35130F338,0
F352CBAC7E,0
F36E473613,0
F373BC3894,0
F37F76E85D,0
F38E959909,0
F39645AE43,0
F39F03A381,0
F3A0DEC07C,0
F3BC16402F,0
F3BC7BBA08,0
F3D17D1234,0
F3E1F8E151,0
F3F88C4E83,0
F41925366E,0
F420D251E3,0
F4392B6432,0
F439A3CE3E,0
F44B3ABAD4,0
F44F145B9E,0
F461E0C14F,0
F47070FE0C,0
F47BE6915B,0
F48BDB5FB9,0
F4ABBAEB4C,0
F4BAA8B124,0
F4D8D6A5E5,0
F4DC215B6B,0
F4DDCEFC60,0
F4F54A631A,0
F4FF77835E,0
F5002E125B,0
F516C69B3C,0
F51B17CFD6,0
F52AC05D54,0
F53D4FA4E9,0
F53DBED1BC,1
F54F641524,0
F5629A2872,0
F56A0BB01C,0
F57EF06B6C,0
F58995539C,0
F58BA445A6,0
F5B2F1645B,0
F5BD62CC89,0
F5C6D7458F,1
F5C856902A,0
F5C8F5566F,0
F5F5EBBD6A,0
F5FE7FD3BF,0
F607EACED1,0
F60CA23369,0
F616CE72A3,0
F6276AD9EC,0
F62EB73D6B,0
F62FB48F3C,0
F63FE96DB0,0
F64CEA2F51,0
F6529A3060,0
F6654DB374,0
F67163DEB8,0
F6780A8AB1,0
F67B3ECBEF,0
F68F987808,0
F692A4FF96,0
F6B1D3588A,0
F6BDD98CD7,0
F6C2EB3447,0
F6DB866874,0
F70E166018,0
F721A4478D,0
F732CA8447,0
F74CBDC022,0
F750B593C7,0
F758414ABD,0
F759A8EAC5,0
F775F95BBA,0
F778C99FDF,0
F77AAAE415,0
F7922E8096,0
F79C5065A0,0
F79E8D4C6D,0
F7A47C0DAF,0
F7A7BF3761,0
F7AACD2659,0
F7B1B75BEC,0
F7B1BFD04C,0
F7B45D0D68,0
F7D03AED89,0
F7E28F00D5,0
F7EAA23CB1,0
F7F6D18510,0
F7F8104DA9,0
F7FE8D4C9C,0
F7FF191B40,0
F80BD81CD5,0
F81C910288,0
F831138D29,0
F857D7A57E,0
F85BDFBD02,0
F85DCF80AD,0
F86591B9F0,1
F86EF30085,0
F870938ADF,0
F874021D5D,0
F896ECDBCF,0
F899A1F855,0
F8A9CD14F8,0
F8B1582E9B,0
F8BB3D2DA8,0
F8BB620520,0
F8BE87F29D,1
F8CE631E2B,0
F8E93DCDB5,0
F8F9DBB7D3,0
F90214F99E,0
F906B62A62,0
F90AC3391D,0
F91B987F2A,0
F922FEA019,0
F93B0BA49F,0
F93E95AB84,0
F93E97FA7D,0
F940377608,0
F94E3CCE71,0
F969D79D4C,0
F97A75C25C,0
F98E5AB349,0
F9902B4364,0
F991C1F33E,0
F997251A2F,0
F99BA10EAC,0
F9AE20D96D,0
F9B1C10700,0
F9BA29B248,0
F9C031510E,0
F9E0306603,0
F9ECBC61ED,0
FA0C98DB5B,0
FA0DD64490,1
FA1A9707EE,0
FA1EF357F7,0
FA26C3E002,0
FA35B76757,0
FA40D9B6B4,0
FA4E2AE994,0
FA62172749,0
FA69BAE28E,0
FA6D75413B,0
FA80AB93ED,0
FA886C2B5B,0
FA9589FC91,0
FAB49CA1B1,0
FAF9BE62E5,1
FAFDE42E74,0
FB12774300,0
FB19F17BCB,0
FB1E63FE38,0
FB2B68A3C2,0
FB31D14DD5,0
FB4D205A06,1
FB55ED04AB,0
FB5658347F,0
FB57F68AE1,0
FB5EDE947F,0
FB62022971,0
FB66058FD6,0
FB7B591304,0
FB8E6771ED,0
FB984045E4,1
FB9DC25994,0
FBA36C369A,0
FBAA2D2A78,0
FBB3347359,0
FBBC6813D2,0
FBBF71C9C7,0
FBCC3FE17E,0
FBD413A6F4,0
FBDCD9ED85,0
FBEB8F950D,0
FBF243EA9C,0
FBF61B0366,0
FC0BE0EB4E,0
FC0E70D583,0
FC1195EE0C,0
FC263EB7AE,0
FC275EE2CB,0
FC2A7BC628,1
FC2FB55B22,0
FC35B36D36,0
FC388BE715,1
FC3B3127ED,0
FC65AECC90,0
FC664669D6,0
FC66C8106B,0
FC690FEB4E,0
FC6BDF2440,0
FC77138A34,1
FC7FA1B6FF,0
FC87FE88C9,0
FC90A75202,0
FC94236730,0
FC9EA900F6,0
FCA2158E9E,0
FCA5C251EC,0
FCAE813194,0
FCB28190FF,0
FCB33BF53B,0
FCB6734770,0
FCD125DE61,0
FCD5ED1B2C,0
FCD917FB46,0
FCE25B2740,0
FCFEB5C002,0
FD16357A2D,0
FD1B494DB5,0
FD35F3F7AA,0
FD3E8A063C,0
FD55850313,0
FD56DDD86F,0
FD592337A8,0
FD5C26D775,0
FD5D93F4E3,0
FD73D42A73,0
FD75C0D1B0,0
FD8F08782D,0
FD9DD903B2,0
FDA56BDC7A,0
FDAECD07A2,0
FDD5353D48,0
FDF1ED4DB7,0
FDFB9CE944,0
FE0043FEEE,0
FE0CD9F6D2,0
FE0E242C74,0
FE23934975,0
FE24541EFD,0
FE27011987,0
FE32D804CD,0
FE3AF1CF20,0
FE403C2638,0
FE42F4988B,0
FE45DB88A6,0
FE47DD081A,0
FE57E40A57,0
FE6C8834D9,1
FE8721EFC6,0
FE9D134B7D,0
FE9E5532D5,0
FE9F65D7F9,0
FEA41073F4,0
FEAAEFC808,0
FEACC470A6,0
FEB200C2F4,0
FEB300530A,0
FEDCAAAEC1,0
FEE68C7522,0
FF14266E5A,0
FF1F880504,0
FF2E0A3F4F,0
FF40F1A50D,1
FF542E692B,0
FF56C80519,0
FF5B73FBFA,0
FF6099B15C,0
FF657636D6,0
FF7ABC09B9,1
FFB0590412,0
FFB0AC6E49,0
FFC56B0CDD,1
FFD2B9DC06,0
FFDF962B04,0
FFFDC1CD0F,0
